title,domestic_revenue,distributor,opening_theaters,MPAA,release_days,action,animation,comedy,drama,horror,thriller
The Avengers,3.812311609131124,4,2.403120521175818,4,1.2041199826559248,0,1,0,0,0,0
Titanic,6.973660830807765,0,2.0863598306747484,0,2.012837224705172,1,0,0,0,0,0
Jurassic Park,5.922257184573975,2,3.582744965691277,1,1.9493900066449128,0,0,0,0,1,0
Avatar,5.637186418026207,0,3.587486465410964,0,1.9294189257142926,0,0,0,0,1,0
The Lion King,6.4458608126094745,4,3.4674601095072637,4,2.1986570869544226,0,0,1,0,0,0
Star Wars,6.57491389891337,3,3.084933574936716,4,2.187520720836463,0,0,1,0,0,0
Frozen,5.869451159061426,2,3.650501794878367,1,1.6720978579357175,1,0,0,0,0,0
Inception,6.721050223015335,1,3.5499836111596887,3,1.6434526764861874,0,0,0,1,0,0
The Dark Knight,6.88516568695492,4,3.258397804095509,4,0.9542425094393249,1,0,0,0,0,0
Harry Potter,4.959756672990995,3,3.162564406523019,2,2.1818435879447726,0,0,0,0,1,0
Toy Story,6.259653596243472,1,3.059941888061955,3,1.8260748027008264,0,0,0,0,1,0
Finding Nemo,5.3914767545844295,4,2.303196057420489,2,2.060697840353612,0,0,1,0,0,0
Black Panther,5.2031199548742455,2,3.0759117614827773,4,0.3010299956639812,1,0,0,0,0,0
The Godfather,6.777219413568533,4,3.3925210899319325,1,1.6127838567197355,0,1,0,0,0,0
Spider-Man,4.795295932967716,4,3.449478399187365,2,0.9542425094393249,0,0,0,0,1,0
Shrek,6.231899084851086,1,3.0965624383741357,1,1.380211241711606,0,0,1,0,0,0
Iron Man,5.956903322566684,4,2.7634279935629373,0,0.7781512503836436,0,0,0,1,0,0
Captain America,6.878766046173318,2,3.2397998184470986,2,2.089905111439398,0,1,0,0,0,0
Batman Begins,6.511523616192956,4,3.4933186082321015,3,1.0791812460476249,0,0,0,1,0,0
Wonder Woman,6.2286056503550915,4,3.31722734917642,3,2.0644579892269186,0,0,0,1,0,0
Guardians of the Galaxy,4.5568450298595815,3,3.350441856535061,1,1.4471580313422192,1,0,0,0,0,0
Coco,6.787362410664305,1,2.7902851640332416,2,1.8129133566428555,0,1,0,0,0,0
Pirates of the Caribbean,6.93392950645918,3,3.539201599294128,3,2.2121876044039577,0,0,0,0,1,0
X-Men,6.840252675484607,3,3.5771469848275252,2,1.4771212547196624,1,0,0,0,0,0
The Matrix,6.826972798420014,2,3.222456336679247,2,2.0453229787866576,0,0,0,1,0,0
Forrest Gump,6.835887385920891,3,3.3418300569205104,0,1.845098040014257,0,0,0,0,0,1
Jaws,6.2967285750829385,0,3.4761067168401913,3,0.9542425094393249,0,0,0,0,0,1
Interstellar,5.745126341464599,2,2.012837224705172,3,1.2787536009528289,0,0,0,1,0,0
Deadpool,5.395598943099524,0,3.5812668052736707,1,1.568201724066995,0,0,1,0,0,0
Mad Max,5.4123278027191155,1,3.5499836111596887,1,1.7481880270062005,1,0,0,0,0,0
The Hunger Games,5.468732706519751,4,3.220108088040055,3,1.9294189257142926,0,0,1,0,0,0
The Avengers,6.835511871688733,2,3.400537989391946,4,2.110589710299249,0,0,0,1,0,0
Titanic,6.970391419354063,4,2.7209857441537393,0,1.5440680443502757,0,0,1,0,0,0
Jurassic Park,6.551434870598252,0,3.4350476413399647,0,2.2013971243204513,0,1,0,0,0,0
Avatar,4.4908149793838605,1,3.527887565952705,0,0.9030899869919435,0,0,0,0,0,1
The Lion King,5.7278534464440325,1,3.534660575828444,3,2.184691430817599,0,0,1,0,0,0
Star Wars,5.471103867421969,0,2.7558748556724915,1,1.462397997898956,0,0,0,0,0,1
Frozen,5.996681941749126,3,3.433609843323718,1,1.255272505103306,0,0,0,1,0,0
Inception,6.922264716245362,4,3.531478917042255,3,2.225309281725863,0,0,0,0,0,1
The Dark Knight,6.9190536037558426,1,3.497067936398505,3,1.568201724066995,1,0,0,0,0,0
Harry Potter,5.733821365642537,1,3.0322157032979815,0,1.792391689498254,0,0,0,1,0,0
Toy Story,6.820647417100871,0,3.521530341278711,1,2.103803720955957,0,1,0,0,0,0
Finding Nemo,6.9251426216961685,0,2.9822712330395684,4,2.1398790864012365,1,0,0,0,0,0
Black Panther,5.939713892728912,2,3.514414920580369,1,0.7781512503836436,0,1,0,0,0,0
The Godfather,6.682110403663167,4,3.4143046881283317,1,2.1398790864012365,0,0,0,0,0,1
Spider-Man,6.86027803984128,3,2.958085848521085,3,2.0043213737826426,0,0,1,0,0,0
Shrek,5.997312976309373,0,3.326335860928751,1,1.1760912590556813,1,0,0,0,0,0
Iron Man,6.7970178363134215,3,2.714329759745233,2,1.724275869600789,0,0,0,1,0,0
Captain America,6.949359165761947,1,3.4119562379304016,3,0.47712125471966244,0,0,0,0,0,1
Batman Begins,4.645854383653742,3,3.0224283711854865,1,1.6901960800285136,0,0,0,0,1,0
Wonder Woman,4.972175057459714,4,3.123524980942732,4,2.1986570869544226,0,0,0,0,1,0
Guardians of the Galaxy,6.449134838992115,2,2.8312296938670634,3,2.0718820073061255,0,0,0,0,1,0
Coco,6.915001716618888,2,2.7752462597402365,0,1.792391689498254,1,0,0,0,0,0
Pirates of the Caribbean,6.829482150800535,2,3.375114684692225,4,2.0086001717619175,0,0,0,0,0,1
X-Men,6.2884381540069665,4,2.6020599913279625,2,1.8129133566428555,0,0,0,0,0,1
The Matrix,6.318062290984387,3,3.387033701282363,2,0.7781512503836436,0,0,0,0,1,0
Forrest Gump,5.64585045727778,3,3.4255342204982635,3,2.214843848047698,0,1,0,0,0,0
Jaws,4.1673468775856355,3,3.406028944963615,4,2.167317334748176,0,0,1,0,0,0
Interstellar,6.9508491731221005,4,2.7589118923979736,2,2.0253058652647704,0,0,1,0,0,0
Deadpool,6.408906333357517,3,3.6337713460825554,3,2.2528530309798933,0,0,0,0,0,1
Mad Max,6.915527730087501,4,3.459241664878082,1,1.0791812460476249,0,1,0,0,0,0
The Hunger Games,6.1830348339137275,1,3.3820170425748683,3,1.0413926851582251,1,0,0,0,0,0
The Avengers,6.770731643865345,0,3.2782962080912736,0,1.9590413923210936,0,0,1,0,0,0
Titanic,5.741181549162607,3,3.28397928423848,2,2.2068258760318495,1,0,0,0,0,0
Jurassic Park,6.360792908446754,1,2.7558748556724915,0,0.47712125471966244,0,0,0,1,0,0
Avatar,6.475409080066643,4,3.2314695904306814,1,2.1367205671564067,0,0,0,0,0,1
The Lion King,5.27874445781486,0,3.5961570809161723,1,2.2430380486862944,0,0,1,0,0,0
Star Wars,5.695272359158332,1,3.3370597263205246,1,1.724275869600789,0,0,0,1,0,0
Frozen,3.897956810006952,0,3.4649364291217326,3,2.220108088040055,0,1,0,0,0,0
Inception,5.2159387953443925,4,1.7481880270062005,0,1.6232492903979006,0,0,0,1,0,0
The Dark Knight,6.572091959663567,4,3.646599751720373,3,1.1139433523068367,0,1,0,0,0,0
Harry Potter,5.694157513347289,1,3.094471128641645,0,2.146128035678238,1,0,0,0,0,0
Toy Story,6.905340684711513,3,3.2111205412580492,4,1.8976270912904414,0,0,0,0,1,0
Finding Nemo,6.664202382501863,4,3.100370545117563,3,2.2329961103921536,0,1,0,0,0,0
Black Panther,4.860511689629458,0,3.635483746814912,0,1.9030899869919435,0,0,0,0,1,0
The Godfather,6.646897149429954,4,1.9395192526186185,2,2.089905111439398,0,0,0,0,1,0
Spider-Man,5.918413060574885,0,3.397070549959409,4,1.9395192526186185,0,0,0,0,0,1
Shrek,6.9228467010683215,4,3.1658376246901283,3,1.9493900066449128,0,1,0,0,0,0
Iron Man,5.023968146763306,4,3.1261314072619846,4,2.146128035678238,0,0,1,0,0,0
Captain America,4.701075563144496,3,3.127428777851599,1,1.568201724066995,0,0,0,1,0,0
Batman Begins,6.91342058491048,2,2.716003343634799,1,2.1172712956557644,0,0,1,0,0,0
Wonder Woman,6.988542592496917,4,3.6484575942825224,4,1.7781512503836436,0,0,0,0,1,0
Guardians of the Galaxy,6.79929904822022,3,3.52022143588196,2,2.1492191126553797,0,0,0,0,1,0
Coco,5.406461830048541,3,3.4068806700491248,4,2.0492180226701815,0,0,0,0,1,0
Pirates of the Caribbean,6.666045896807914,1,3.3604040547299387,4,1.6127838567197355,0,0,0,1,0,0
X-Men,4.733325688107994,3,2.5888317255942073,3,1.5185139398778875,0,1,0,0,0,0
The Matrix,5.783194414852787,1,3.558708570533166,1,2.225309281725863,0,0,0,0,1,0
Forrest Gump,6.641193910107525,3,3.4795753101749884,1,2.0253058652647704,0,0,0,0,0,1
Jaws,6.94686857543837,1,3.555698894718901,0,1.568201724066995,0,0,0,0,0,1
Interstellar,5.622319733338954,0,3.5595475555804343,1,1.505149978319906,0,0,0,0,1,0
Deadpool,6.980340807783421,4,3.4396484295634737,4,1.5797835966168101,0,0,0,0,0,1
Mad Max,6.738736255017505,3,3.4038066105474227,1,2.0791812460476247,0,0,0,0,0,1
The Hunger Games,6.947083154785266,3,3.3434085938038574,0,2.214843848047698,0,0,0,0,0,1
The Avengers,4.448072189065087,1,3.3634239329171765,4,1.8920946026904804,0,0,0,1,0,0
Titanic,6.928911219831407,4,3.438384107034714,0,1.2041199826559248,0,0,0,0,1,0
Jurassic Park,6.187109074087866,4,3.443106456737266,4,2.0,0,0,0,1,0,0
Avatar,6.583026042365549,2,3.619719265611727,1,1.6812412373755872,0,0,0,0,1,0
The Lion King,6.679083595421728,1,3.344785122632661,4,1.9444826721501687,0,0,0,0,0,1
Star Wars,6.967319677625852,0,3.5478977175630972,3,2.1398790864012365,0,0,1,0,0,0
Frozen,6.745091116373566,4,3.1922886125681202,4,2.2278867046136734,0,1,0,0,0,0
Inception,6.39945530814776,4,3.3184807251745174,3,2.146128035678238,0,0,0,0,0,1
The Dark Knight,6.8683216241327845,1,3.6489451821656727,0,1.8260748027008264,0,0,0,1,0,0
Harry Potter,5.307202843676337,2,3.6416723732246865,4,1.863322860120456,0,0,1,0,0,0
Toy Story,5.547046991114659,2,3.3386556655787003,1,1.7160033436347992,1,0,0,0,0,0
Finding Nemo,6.922885603739481,0,3.3344537511509307,1,2.0827853703164503,0,0,1,0,0,0
Black Panther,6.605893800219748,1,3.3653007486379876,1,1.7558748556724915,0,0,1,0,0,0
The Godfather,4.3869446243705745,0,3.5170638734826545,3,2.2329961103921536,0,0,1,0,0,0
Spider-Man,6.980916975019051,3,3.58983794314746,3,1.4913616938342726,0,0,0,1,0,0
Shrek,5.087781417809542,4,3.5413295776666938,3,2.2095150145426308,0,0,0,0,1,0
Iron Man,5.886637345309819,0,3.6103407114521566,4,2.2355284469075487,0,0,0,1,0,0
Captain America,6.292551999810591,0,3.4756711883244296,1,2.0755469613925306,0,1,0,0,0,0
Batman Begins,3.877889425371484,0,2.8048206787211623,4,2.103803720955957,0,0,1,0,0,0
Wonder Woman,4.962407222303728,4,3.4566696294237578,2,2.2405492482826,0,0,0,0,0,1
Guardians of the Galaxy,6.929284069115441,2,3.3562171342197353,2,2.0043213737826426,0,0,0,1,0,0
Coco,6.65186120546413,4,1.9030899869919435,2,2.012837224705172,0,0,0,0,0,1
Pirates of the Caribbean,6.701650001119825,2,3.2065560440990297,2,2.0211892990699383,0,0,0,1,0,0
X-Men,5.801481231181083,2,3.0572856444182146,3,2.2068258760318495,1,0,0,0,0,0
The Matrix,5.919147678567321,4,2.4424797690644486,0,2.2278867046136734,0,1,0,0,0,0
Forrest Gump,4.494432898726399,1,2.290034611362518,1,1.919078092376074,0,0,0,1,0,0
Jaws,6.956124662531819,0,3.4875625602563782,1,2.2121876044039577,0,1,0,0,0,0
Interstellar,4.844352896310894,1,3.631849462159818,3,2.187520720836463,0,0,1,0,0,0
Deadpool,6.991004839376037,4,2.506505032404872,4,2.0293837776852097,0,0,0,0,1,0
Mad Max,6.747374048263181,4,2.5276299008713385,3,2.2380461031287955,0,0,1,0,0,0
The Hunger Games,6.360631275426735,2,3.2895889525425965,3,1.9444826721501687,0,0,1,0,0,0
The Avengers,5.9992132147320945,1,3.5491259267581112,2,1.845098040014257,0,0,0,0,0,1
Titanic,5.44289661707986,3,3.4940153747571436,4,1.9084850188786497,0,0,1,0,0,0
Jurassic Park,4.458214677865592,0,2.9854264740830017,0,2.225309281725863,0,0,0,0,1,0
Avatar,5.070872388158187,2,3.3098430047160705,0,1.7708520116421442,0,0,0,1,0,0
The Lion King,6.890742289036808,4,2.2600713879850747,2,1.8325089127062364,0,0,0,0,0,1
Star Wars,5.794583539119887,3,3.425697213362591,2,2.1702617153949575,0,0,1,0,0,0
Frozen,6.846152528687465,0,3.3092041796704077,3,2.1367205671564067,0,0,0,0,1,0
Inception,6.778469182307355,2,3.426673888021373,4,1.4913616938342726,0,0,0,1,0,0
The Dark Knight,6.615547432888291,0,2.401400540781544,3,2.113943352306837,1,0,0,0,0,0
Harry Potter,6.914871976041657,4,3.2247919564926817,2,2.1702617153949575,0,0,1,0,0,0
Toy Story,5.863305012035277,2,3.2571984261393445,2,1.919078092376074,0,0,0,1,0,0
Finding Nemo,5.764330089028326,4,3.4192947217534604,2,1.7781512503836436,0,0,0,0,0,1
Black Panther,4.8328919447597904,2,3.490379920003179,0,2.1931245983544616,0,0,0,0,1,0
The Godfather,5.544038263136149,1,3.5431985856376467,4,1.8195439355418688,0,1,0,0,0,0
Spider-Man,6.806810193514037,0,3.28397928423848,3,1.0791812460476249,0,0,0,1,0,0
Shrek,6.918392779435198,3,1.6232492903979006,4,1.5563025007672873,0,1,0,0,0,0
Iron Man,6.5687778969662824,3,3.17666993266815,1,2.012837224705172,0,0,0,1,0,0
Captain America,6.375957737424365,3,3.2706788361447066,1,1.7853298350107671,1,0,0,0,0,0
Batman Begins,4.991088675092897,2,3.3763944420372662,2,1.8573324964312685,0,0,0,1,0,0
Wonder Woman,6.174933335347738,2,3.551693915127225,3,2.1903316981702914,0,0,0,0,0,1
Guardians of the Galaxy,6.710333442697028,1,3.4653828514484184,0,2.1903316981702914,0,1,0,0,0,0
Coco,6.121871911974219,4,3.4316853446860116,0,2.0644579892269186,0,0,1,0,0,0
Pirates of the Caribbean,6.247326495924845,3,2.146128035678238,3,1.99563519459755,0,0,1,0,0,0
X-Men,6.808460063583622,4,3.5424519473759766,4,1.4913616938342726,0,0,0,1,0,0
The Matrix,6.928438869862575,3,3.348694190265541,2,1.8976270912904414,1,0,0,0,0,0
Forrest Gump,5.8016259460568005,3,3.147985320683805,1,2.0293837776852097,0,0,0,0,0,1
Jaws,6.904535570540207,1,3.401745082237063,4,2.130333768495006,0,0,0,0,1,0
Interstellar,4.74591756692192,4,3.530199698203082,2,2.0492180226701815,0,1,0,0,0,0
Deadpool,6.155274988985076,2,3.4291060083326967,4,2.12057393120585,1,0,0,0,0,0
Mad Max,5.412495827173434,1,3.6281845080734128,4,1.792391689498254,1,0,0,0,0,0
The Hunger Games,6.843205735103241,3,3.2711443179490782,3,2.0718820073061255,0,0,1,0,0,0
The Avengers,6.251479071632523,1,3.218535505216528,3,1.3424226808222062,0,1,0,0,0,0
Titanic,5.117407198616776,2,3.5986810989071634,3,2.0969100130080562,0,0,0,1,0,0
Jurassic Park,3.0542299098633974,0,3.3988077302032647,4,2.0170333392987803,0,1,0,0,0,0
Avatar,5.291020120325625,3,3.519827993775719,0,2.113943352306837,0,0,1,0,0,0
The Lion King,6.885297711129911,4,3.647480773173676,0,2.1818435879447726,0,1,0,0,0,0
Star Wars,6.730669086035719,3,3.3180633349627615,2,2.100370545117563,0,0,0,1,0,0
Frozen,6.930392390711992,4,3.5613399414589013,2,1.8388490907372552,0,0,0,0,1,0
Inception,5.9797481770356535,4,3.037426497940624,0,1.0791812460476249,0,1,0,0,0,0
The Dark Knight,6.867280117437794,2,3.6426623314420357,3,2.041392685158225,0,0,0,0,0,1
Harry Potter,6.8722737204070645,3,1.7558748556724915,0,1.9030899869919435,0,0,0,0,0,1
Toy Story,5.8868008247800185,2,2.9237619608287004,1,1.3424226808222062,0,0,0,1,0,0
Finding Nemo,6.86736953957859,2,3.615739688619155,0,1.6232492903979006,1,0,0,0,0,0
Black Panther,5.654440312510162,4,3.6456187382426952,0,1.8808135922807914,0,0,0,1,0,0
The Godfather,6.968396594754605,0,3.635282637998212,1,1.5563025007672873,1,0,0,0,0,0
Spider-Man,6.449433964654694,4,3.1550322287909704,3,1.1760912590556813,0,0,1,0,0,0
Shrek,6.5807669594909015,2,2.1398790864012365,2,1.792391689498254,0,1,0,0,0,0
Iron Man,6.516592350651805,3,3.3961993470957363,4,1.8692317197309762,1,0,0,0,0,0
Captain America,6.9317112538656245,3,3.266936911159173,4,2.1335389083702174,0,0,0,0,1,0
Batman Begins,6.980054483444831,4,2.677606952720493,1,1.7160033436347992,0,0,0,0,0,1
Wonder Woman,5.87098647569516,1,3.5900612308037427,2,1.6020599913279623,0,0,1,0,0,0
Guardians of the Galaxy,4.9296538920958,0,3.0969100130080562,4,2.089905111439398,1,0,0,0,0,0
Coco,5.073850267873154,4,2.997386384397313,2,2.2041199826559246,0,0,1,0,0,0
Pirates of the Caribbean,6.613353996970413,3,3.570776368794748,0,1.9912260756924949,0,0,0,0,1,0
X-Men,6.995283932074796,0,3.619719265611727,2,1.954242509439325,0,0,1,0,0,0
The Matrix,6.867665026291853,0,3.3502480183341627,3,1.4313637641589874,0,0,0,0,0,1
Forrest Gump,6.428780407979094,4,3.633367445117007,4,2.041392685158225,0,0,0,0,1,0
Jaws,5.996226134757412,2,3.0145205387579237,2,2.1172712956557644,0,0,1,0,0,0
Interstellar,5.622949316824264,2,3.6223176608338443,1,1.5185139398778875,0,0,0,1,0,0
Deadpool,6.707818249178759,1,3.4063698354692673,4,1.146128035678238,1,0,0,0,0,0
Mad Max,5.545985866899166,1,3.2692793897718984,4,2.0253058652647704,0,0,1,0,0,0
The Hunger Games,6.804875268420924,2,3.5293019977879805,0,1.4771212547196624,0,0,0,0,1,0
The Avengers,5.168809686171092,3,3.533772058384718,0,1.8573324964312685,0,0,0,1,0,0
Titanic,6.882330798270149,0,2.5634810853944106,4,1.591064607026499,0,1,0,0,0,0
Jurassic Park,6.945579557320242,2,3.180125875164054,1,2.103803720955957,0,0,0,1,0,0
Avatar,5.60685732315524,3,2.6020599913279625,0,2.2278867046136734,0,0,0,0,1,0
The Lion King,6.499194373762873,2,3.1351326513767748,2,1.414973347970818,0,0,0,1,0,0
Star Wars,6.7971936975648015,1,3.4533183400470375,3,2.089905111439398,1,0,0,0,0,0
Frozen,5.502888483438095,1,3.5417040232842885,0,0.0,0,0,0,0,1,0
Inception,6.821026557449158,3,3.5706596700215343,1,2.037426497940624,0,1,0,0,0,0
The Dark Knight,6.942942641096661,0,3.2626883443016963,0,2.1271047983648077,1,0,0,0,0,0
Harry Potter,6.20619933891157,1,3.4149733479708178,1,2.0644579892269186,0,0,0,1,0,0
Toy Story,6.136637504356529,3,3.3502480183341627,4,2.0253058652647704,0,1,0,0,0,0
Finding Nemo,6.645017066383576,2,3.41077723337721,3,1.9731278535996986,0,0,0,0,0,1
Black Panther,6.615036968904936,3,3.266231696689893,4,2.0211892990699383,1,0,0,0,0,0
The Godfather,6.878894979013341,4,3.3783979009481375,0,2.0569048513364727,1,0,0,0,0,0
Spider-Man,4.710836360863743,3,3.572987708198205,3,1.8976270912904414,0,0,0,0,0,1
Shrek,6.491989845583166,4,3.5429498488141786,0,2.1986570869544226,0,0,0,0,1,0
Iron Man,5.7939146505407315,3,2.1789769472931693,4,2.1986570869544226,0,1,0,0,0,0
Captain America,6.381505138498225,4,3.336259552014193,2,2.110589710299249,0,0,1,0,0,0
Batman Begins,5.605775725703601,2,3.0595634179012676,2,1.9777236052888478,0,1,0,0,0,0
Wonder Woman,6.876666456773957,1,3.5169318088680126,2,2.250420002308894,0,0,1,0,0,0
Guardians of the Galaxy,6.121333610746671,1,2.0086001717619175,3,2.2528530309798933,1,0,0,0,0,0
Coco,5.834014833444012,4,3.615950051656401,1,2.1986570869544226,0,0,0,0,1,0
Pirates of the Caribbean,5.809464765463006,3,2.7634279935629373,4,1.968482948553935,0,1,0,0,0,0
X-Men,6.93091771806843,1,3.0969100130080562,0,1.0413926851582251,1,0,0,0,0,0
The Matrix,5.897983176693439,2,2.9885589568786157,0,2.167317334748176,1,0,0,0,0,0
Forrest Gump,6.801307441029472,3,3.530583859645118,3,1.591064607026499,0,0,1,0,0,0
Jaws,4.925982100327103,0,3.1156105116742996,3,0.3010299956639812,0,0,1,0,0,0
Interstellar,6.334431834811589,1,3.355643050220869,3,1.4471580313422192,0,1,0,0,0,0
Deadpool,6.634269948351748,1,2.8536982117761744,0,2.0530784434834195,1,0,0,0,0,0
Mad Max,5.814412756089168,0,3.636688447953283,1,2.2430380486862944,0,0,1,0,0,0
The Hunger Games,6.471925377184373,0,2.4955443375464483,4,0.9030899869919435,0,0,1,0,0,0
The Avengers,6.268529766264017,2,3.64018319192134,0,1.863322860120456,1,0,0,0,0,0
Titanic,6.504103697911267,3,3.4111144185509046,2,2.089905111439398,0,0,0,0,0,1
Jurassic Park,6.235895422153628,2,3.258397804095509,2,2.2068258760318495,0,1,0,0,0,0
Avatar,5.358165266707255,4,3.6147917919564176,0,2.24551266781415,0,0,0,0,0,1
The Lion King,5.377674079675159,1,3.5456781497920256,3,2.2174839442139063,0,0,0,0,1,0
Star Wars,6.960504501831403,2,3.397070549959409,3,2.0644579892269186,0,0,1,0,0,0
Frozen,5.7608008182871915,4,3.433289685195026,0,1.380211241711606,1,0,0,0,0,0
Inception,6.929919506382681,1,3.4575791469957626,1,0.9030899869919435,1,0,0,0,0,0
The Dark Knight,5.22877494294437,2,3.584670384464349,1,1.3617278360175928,0,0,0,0,0,1
Harry Potter,5.3657350132067965,3,3.4347285417797577,3,2.100370545117563,0,1,0,0,0,0
Toy Story,6.781452052242046,2,3.2380461031287955,4,2.250420002308894,0,1,0,0,0,0
Finding Nemo,4.7610553681762715,3,3.6437486854595256,0,1.8750612633917,0,0,0,0,0,1
Black Panther,4.171111865180439,1,3.274850320016665,4,1.724275869600789,1,0,0,0,0,0
The Godfather,6.669545313314936,4,1.146128035678238,2,2.143014800254095,0,0,1,0,0,0
Spider-Man,3.8205954965444904,2,3.6264430253312945,0,1.414973347970818,0,0,0,0,1,0
Shrek,5.761208929669856,4,3.3881012015705165,2,1.968482948553935,0,0,0,0,0,1
Iron Man,5.757542540501804,2,2.9439888750737717,3,2.2329961103921536,0,0,0,1,0,0
Captain America,5.4517756931250965,4,2.9763499790032735,3,2.2380461031287955,0,0,0,1,0,0
Batman Begins,6.243360051705366,3,3.6027109449575576,0,1.9731278535996986,0,0,0,0,0,1
Wonder Woman,6.283379258982944,1,2.90848501887865,4,2.155336037465062,0,0,0,1,0,0
Guardians of the Galaxy,6.846903305410371,0,3.5871494982543437,3,1.4313637641589874,0,1,0,0,0,0
Coco,4.8291171469607415,3,3.3935752032695876,3,2.0086001717619175,1,0,0,0,0,0
Pirates of the Caribbean,5.291863699655347,0,3.1351326513767748,3,2.0211892990699383,0,0,0,1,0,0
X-Men,5.785020735194763,1,2.8987251815894934,1,1.7075701760979363,0,0,0,1,0,0
The Matrix,6.939888994275221,4,3.353916230920363,0,2.146128035678238,0,0,0,0,0,1
Forrest Gump,6.853662140722535,2,2.9809119377768436,2,1.380211241711606,0,0,0,1,0,0
Jaws,6.97640253141767,2,2.808885867359812,1,1.919078092376074,0,1,0,0,0,0
Interstellar,6.794999418269388,0,2.357934847000454,1,2.2278867046136734,0,0,0,0,1,0
Deadpool,6.777096807235352,4,3.3586960995738107,1,2.03342375548695,0,1,0,0,0,0
Mad Max,5.221038469285992,3,3.5594277997594896,1,1.8573324964312685,0,1,0,0,0,0
The Hunger Games,4.650919185090123,4,3.478999131673357,0,1.5563025007672873,1,0,0,0,0,0
The Avengers,5.671262655527393,0,3.3205616801952367,2,1.9030899869919435,0,1,0,0,0,0
Titanic,6.935441814427527,4,3.1758016328482794,3,1.7403626894942439,0,0,0,1,0,0
Jurassic Park,6.958090679302882,3,3.2352758766870524,2,2.1522883443830563,0,0,1,0,0,0
Avatar,6.878844868525472,1,3.472610197596045,2,1.414973347970818,0,0,0,1,0,0
The Lion King,5.28242270396272,3,3.614158709509175,1,1.3424226808222062,0,1,0,0,0,0
Star Wars,6.941299103160787,4,3.5269850685599957,0,2.113943352306837,0,0,0,0,1,0
Frozen,5.850803630751106,2,2.8543060418010806,2,2.230448921378274,0,0,0,1,0,0
Inception,5.853564983371703,3,2.496929648073215,1,2.12057393120585,0,0,0,0,0,1
The Dark Knight,6.01053019042958,2,2.941511432634403,2,2.146128035678238,1,0,0,0,0,0
Harry Potter,6.516072408592942,4,3.6264430253312945,3,2.1818435879447726,0,0,0,1,0,0
Toy Story,6.612981998092536,2,2.322219294733919,3,1.3222192947339193,0,0,0,0,1,0
Finding Nemo,6.108676627132566,3,3.625415352154408,4,1.9294189257142926,1,0,0,0,0,0
Black Panther,6.009106978608162,2,3.2377949932739227,3,1.845098040014257,0,1,0,0,0,0
The Godfather,6.360935754067193,3,3.494154594018443,2,1.968482948553935,1,0,0,0,0,0
Spider-Man,6.177662585737288,0,3.0538464268522527,3,1.662757831681574,0,0,0,1,0,0
Shrek,5.569915561848722,4,2.781755374652469,4,1.1139433523068367,0,1,0,0,0,0
Iron Man,5.975054796792513,3,3.527372082827612,2,2.0969100130080562,0,0,0,1,0,0
Captain America,6.01306527483386,2,3.5035183127240748,4,2.0293837776852097,0,0,0,0,1,0
Batman Begins,4.947517043534692,0,3.410608542568368,2,2.2095150145426308,0,0,0,1,0,0
Wonder Woman,4.868391663050862,2,3.0770043267933502,3,1.5563025007672873,0,0,0,1,0,0
Guardians of the Galaxy,5.120412685900034,4,3.3203540328176717,1,0.9542425094393249,0,0,0,1,0,0
Coco,5.1943561355270464,1,2.8715729355458786,4,2.100370545117563,0,0,1,0,0,0
Pirates of the Caribbean,6.451505357591086,1,3.552303109338354,3,2.247973266361807,0,0,0,0,1,0
X-Men,6.84487984529757,3,3.3085644135612386,2,2.0644579892269186,0,0,1,0,0,0
The Matrix,6.692239451367816,4,3.4303975913869666,3,2.103803720955957,0,1,0,0,0,0
Forrest Gump,6.586992044988671,1,3.646893624167745,1,1.9867717342662448,0,0,0,1,0,0
Jaws,6.138765172866932,3,1.3222192947339193,3,1.7403626894942439,0,1,0,0,0,0
Interstellar,6.660417962126445,3,3.0273496077747564,4,2.113943352306837,0,0,0,0,1,0
Deadpool,6.794315758610897,4,3.3418300569205104,2,1.724275869600789,0,0,1,0,0,0
Mad Max,5.928132020179097,1,3.3394514413064407,0,1.4913616938342726,0,1,0,0,0,0
The Hunger Games,6.487144034000348,0,3.4759615891924236,1,2.1789769472931693,0,0,0,0,0,1
The Avengers,5.879251325659779,3,3.5520595341878844,3,2.214843848047698,0,0,1,0,0,0
Titanic,5.759722977706789,3,3.6036855496146996,4,1.6720978579357175,0,1,0,0,0,0
Jurassic Park,5.960836420345526,2,3.0824263008607717,2,2.089905111439398,0,0,0,1,0,0
Avatar,4.64423173331632,1,3.153204900084284,0,1.9590413923210936,0,0,1,0,0,0
The Lion King,6.675527496249617,0,3.1142772965615864,0,2.0043213737826426,0,0,0,0,1,0
Star Wars,5.208067637935191,4,3.6447339274471924,1,2.0170333392987803,0,0,0,0,0,1
Frozen,6.9535113627583,4,3.3100557377508912,0,1.8512583487190752,0,0,0,0,1,0
Inception,6.689543616646865,2,2.662757831681574,1,1.7160033436347992,0,0,0,0,0,1
The Dark Knight,5.754256573662172,1,3.356790460351716,4,2.110589710299249,0,0,0,0,0,1
Harry Potter,6.812472557970127,0,3.592398846115564,0,1.7403626894942439,0,0,0,0,0,1
Toy Story,6.799362470431334,1,3.6195107208384987,0,2.184691430817599,0,0,0,1,0,0
Finding Nemo,5.628029082992763,0,2.456366033129043,3,1.7403626894942439,0,0,0,1,0,0
Black Panther,6.961464948475288,2,3.048053173115609,4,2.03342375548695,1,0,0,0,0,0
The Godfather,6.742495043505271,4,3.0773679052841563,0,2.093421685162235,0,0,1,0,0,0
Spider-Man,4.941968344282969,2,3.583765368285,3,1.8388490907372552,0,0,1,0,0,0
Shrek,6.4094453243577405,3,3.0433622780211294,1,1.505149978319906,0,0,0,0,1,0
Iron Man,5.83697254079245,4,3.6291036501771363,4,2.2430380486862944,0,0,0,0,0,1
Captain America,5.794939533926817,3,3.649334858712142,2,1.9395192526186185,0,0,0,0,1,0
Batman Begins,4.379939722801916,4,3.438858659420562,4,2.220108088040055,0,0,0,1,0,0
Wonder Woman,6.92969024944689,0,2.8674674878590514,0,1.7075701760979363,0,1,0,0,0,0
Guardians of the Galaxy,6.715064755163923,2,3.4302363534115106,2,1.845098040014257,0,0,0,0,0,1
Coco,5.954842386436983,2,3.274619619091238,3,1.919078092376074,0,1,0,0,0,0
Pirates of the Caribbean,6.597231910811817,4,3.563599728881531,3,1.845098040014257,0,1,0,0,0,0
X-Men,6.8234276019594775,2,3.5425764762605296,2,1.9493900066449128,0,1,0,0,0,0
The Matrix,5.971120384322207,4,3.1055101847699738,2,2.060697840353612,0,0,1,0,0,0
Forrest Gump,6.921952483889515,1,3.442009159140952,4,0.8450980400142568,0,0,0,0,1,0
Jaws,4.561029790745868,4,2.4183012913197452,3,2.1335389083702174,0,0,1,0,0,0
Interstellar,5.844454808071904,3,2.9339931638312424,3,2.103803720955957,1,0,0,0,0,0
Deadpool,5.474760976479965,1,3.534660575828444,1,0.0,1,0,0,0,0,0
Mad Max,6.67324979652536,3,3.6084190513172856,2,2.0253058652647704,0,1,0,0,0,0
The Hunger Games,6.3977135953796385,4,3.496514518697745,3,2.100370545117563,0,1,0,0,0,0
The Avengers,6.675713742437474,3,2.9479236198317262,0,1.9084850188786497,1,0,0,0,0,0
Titanic,6.887776587438845,3,2.586587304671755,3,1.6532125137753437,0,1,0,0,0,0
Jurassic Park,5.083993253014885,1,3.1758016328482794,1,1.9777236052888478,0,0,0,0,1,0
Avatar,3.4075608494863627,1,3.373095987078727,1,1.9084850188786497,0,1,0,0,0,0
The Lion King,5.809733397693733,0,3.0707764628434346,2,2.093421685162235,0,0,0,0,0,1
Star Wars,6.3741268787837155,0,3.1389339402569236,2,1.4913616938342726,0,0,1,0,0,0
Frozen,6.166446987943187,3,3.1439511164239633,1,1.9344984512435677,1,0,0,0,0,0
Inception,5.415397413166541,1,3.470410490975931,4,1.8692317197309762,0,0,1,0,0,0
The Dark Knight,4.867048902100617,2,3.1000257301078626,1,1.6232492903979006,1,0,0,0,0,0
Harry Potter,6.513362651514159,0,3.314709692955174,1,0.6020599913279624,0,1,0,0,0,0
Toy Story,5.913368207157928,3,3.002166061756508,1,2.0492180226701815,1,0,0,0,0,0
Finding Nemo,5.39106925866081,2,3.6309361190641916,1,2.100370545117563,0,0,0,0,0,1
Black Panther,5.970177124123378,1,3.541953474458236,2,1.8750612633917,0,1,0,0,0,0
The Godfather,6.5815836688144875,3,3.5286596452349897,0,2.0827853703164503,0,0,1,0,0,0
Spider-Man,4.259928190374753,1,3.621591675859218,1,1.3617278360175928,0,1,0,0,0,0
Shrek,6.756595186802888,0,3.5750723257138124,2,1.7403626894942439,0,0,1,0,0,0
Iron Man,4.258924482876879,4,3.5795549604009986,1,2.187520720836463,0,0,0,0,1,0
Captain America,5.361625859254536,2,3.2671717284030137,3,2.161368002234975,0,0,0,1,0,0
Batman Begins,6.506477837412976,2,3.5588285248170117,4,2.110589710299249,0,0,0,1,0,0
Wonder Woman,6.93909638343638,1,3.037426497940624,1,2.1271047983648077,0,0,0,0,0,1
Guardians of the Galaxy,6.781401693432371,0,3.3199384399803087,0,2.0293837776852097,0,0,1,0,0,0
Coco,6.304486003849072,2,3.5247854493212225,3,2.113943352306837,0,0,0,0,1,0
Pirates of the Caribbean,6.902935567853999,4,3.1838390370564214,4,1.146128035678238,0,0,0,1,0,0
X-Men,5.950802822964659,2,3.5974757898703773,3,1.9395192526186185,0,0,0,1,0,0
The Matrix,5.741991001139285,4,3.5467893516312583,4,1.7781512503836436,1,0,0,0,0,0
Forrest Gump,6.976868163237639,4,3.4446692309385245,1,1.2304489213782739,0,0,1,0,0,0
Jaws,4.487647347517618,3,3.598571663482141,4,2.0569048513364727,0,0,0,1,0,0
Interstellar,6.908450166688483,4,2.515873843711679,4,1.8512583487190752,0,0,0,0,0,1
Deadpool,6.818708695259516,0,3.613418945034573,1,1.591064607026499,1,0,0,0,0,0
Mad Max,6.672089264364139,0,3.274388795550379,2,2.1958996524092336,0,1,0,0,0,0
The Hunger Games,6.499346522722761,0,3.6437486854595256,3,1.380211241711606,0,0,0,1,0,0
The Avengers,6.638353955645585,4,3.4101020766428607,4,1.414973347970818,0,0,1,0,0,0
Titanic,5.487090275053385,3,2.5289167002776547,1,1.8325089127062364,0,0,0,1,0,0
Jurassic Park,6.915275544827848,3,3.295786940251609,4,2.155336037465062,0,0,0,1,0,0
Avatar,6.885696311776891,1,3.210853365314893,0,1.806179973983887,0,0,0,0,0,1
The Lion King,6.884713933177725,1,3.02201573981772,0,1.7993405494535817,1,0,0,0,0,0
Star Wars,5.105687272684375,2,3.3581252852766488,3,1.1760912590556813,0,0,1,0,0,0
Frozen,5.686822993615012,2,3.4801507252732806,1,1.0413926851582251,0,0,1,0,0,0
Inception,6.821858926975522,3,2.3344537511509307,4,1.568201724066995,0,0,0,0,1,0
The Dark Knight,5.822627638877203,3,3.358315640082196,0,2.060697840353612,0,0,0,1,0,0
Harry Potter,5.349209511820655,1,3.2550311633455515,3,1.5314789170422551,1,0,0,0,0,0
Toy Story,6.155454161646425,1,3.584783378996508,3,2.173186268412274,0,0,0,0,1,0
Finding Nemo,5.961932453501252,3,3.3825573219087857,4,2.0791812460476247,0,0,0,0,0,1
Black Panther,5.663131541748645,2,2.5854607295085006,1,1.3979400086720377,0,0,0,0,1,0
The Godfather,5.992310014931986,3,2.103803720955957,0,1.9294189257142926,0,0,0,0,1,0
Spider-Man,6.655770967773544,0,3.4303975913869666,1,1.6127838567197355,1,0,0,0,0,0
Shrek,6.803504366502656,0,3.6089536992758626,0,1.6720978579357175,0,0,0,0,1,0
Iron Man,4.612105403964061,4,2.462397997898956,4,1.8512583487190752,1,0,0,0,0,0
Captain America,6.72827982389751,1,3.543322900646912,4,2.24551266781415,0,0,1,0,0,0
Batman Begins,5.0896614144671775,4,3.598899887063883,0,1.8260748027008264,0,0,0,1,0,0
Wonder Woman,6.69329604521109,4,3.3805730030668872,3,2.103803720955957,0,1,0,0,0,0
Guardians of the Galaxy,3.86457040685343,0,3.1565491513317814,0,1.8573324964312685,1,0,0,0,0,0
Coco,6.934074302077114,0,3.581835924057648,1,2.1398790864012365,0,0,0,0,0,1
Pirates of the Caribbean,5.5917689289480625,2,2.247973266361807,2,1.7993405494535817,0,0,0,1,0,0
X-Men,4.8547552889672545,4,3.103803720955957,2,1.8808135922807914,0,0,0,0,1,0
The Matrix,6.766426232694942,3,3.390581878550435,4,2.0755469613925306,0,0,0,1,0,0
Forrest Gump,6.847931544038911,1,3.6341748717626,3,2.0681858617461617,0,0,0,0,1,0
Jaws,6.94454909438558,0,2.3820170425748683,1,1.6532125137753437,0,0,0,0,0,1
Interstellar,6.294712844210076,0,3.3163897510731952,4,1.9242792860618816,1,0,0,0,0,0
Deadpool,5.875298612838868,0,3.622731965164719,2,1.5314789170422551,0,0,0,1,0,0
Mad Max,5.675648217083921,3,3.5518158223510157,0,1.8750612633917,1,0,0,0,0,0
The Hunger Games,6.436748628630165,1,3.3651134316275773,1,1.414973347970818,1,0,0,0,0,0
The Avengers,6.599347949248667,4,3.6303261548039467,1,1.8573324964312685,0,1,0,0,0,0
Titanic,5.5433527309548865,1,3.6049816296074315,2,2.0086001717619175,0,0,0,0,1,0
Jurassic Park,6.921038034669409,4,3.1482940974347455,3,2.0211892990699383,0,0,0,0,0,1
Avatar,5.990612312031835,2,3.505149978319906,1,2.2095150145426308,0,0,0,0,0,1
The Lion King,6.793730682551707,0,3.3199384399803087,0,1.462397997898956,0,0,1,0,0,0
Star Wars,5.383068167772727,0,2.1335389083702174,1,1.9395192526186185,0,0,0,0,0,1
Frozen,6.427938669033395,1,3.295127085252191,0,2.143014800254095,0,0,0,0,0,1
Inception,6.315147554086219,0,3.600319329751661,3,1.8750612633917,0,0,1,0,0,0
The Dark Knight,6.644522781257226,0,3.4605971888976015,1,1.9867717342662448,1,0,0,0,0,0
Harry Potter,6.321190246271848,0,3.5456781497920256,4,1.662757831681574,1,0,0,0,0,0
Toy Story,6.734977270214698,4,2.0969100130080562,4,1.9444826721501687,1,0,0,0,0,0
Finding Nemo,6.222113762094527,0,3.505963518018126,2,1.7558748556724915,0,0,0,1,0,0
Black Panther,5.9853164268964285,4,2.143014800254095,4,2.0170333392987803,0,0,1,0,0,0
The Godfather,6.0120784442967405,3,3.5743785644130823,1,1.568201724066995,0,0,1,0,0,0
Spider-Man,6.766886371428599,0,2.3324384599156054,3,2.2278867046136734,0,0,1,0,0,0
Shrek,6.738529102107563,2,3.0572856444182146,0,1.5563025007672873,0,0,0,0,0,1
Iron Man,6.895301247118347,1,3.5281450782531065,0,2.2013971243204513,0,0,0,0,1,0
Captain America,4.9559329636714775,4,1.505149978319906,1,1.9493900066449128,0,0,0,1,0,0
Batman Begins,6.700536801795266,2,3.653115993165567,2,1.8573324964312685,0,0,0,0,1,0
Wonder Woman,5.857068823782803,3,3.262213705476417,0,1.9084850188786497,0,0,0,0,1,0
Guardians of the Galaxy,5.9923139933903435,1,3.118264726089479,0,1.8692317197309762,0,0,0,0,1,0
Coco,5.484904582549088,1,3.3585059114902354,3,1.2041199826559248,0,1,0,0,0,0
Pirates of the Caribbean,5.744881034281331,2,3.6314437690131722,3,1.7075701760979363,0,0,0,1,0,0
X-Men,6.127764489509812,2,2.673020907128896,1,2.0170333392987803,0,1,0,0,0,0
The Matrix,6.77592282380489,0,3.5728716022004803,2,2.2278867046136734,0,0,0,0,0,1
Forrest Gump,3.7558748556724915,3,3.3312247810207323,0,2.03342375548695,0,0,0,1,0,0
Jaws,4.829458161201617,3,2.975431808509263,4,2.24551266781415,0,1,0,0,0,0
Interstellar,5.558248838929012,1,3.548880562637515,1,1.146128035678238,0,0,0,0,0,1
Deadpool,6.758520548452421,1,3.5558196830611912,2,1.7481880270062005,0,1,0,0,0,0
Mad Max,4.701490271337055,1,2.3344537511509307,1,1.8388490907372552,1,0,0,0,0,0
The Hunger Games,6.16567810704908,2,3.229169702539101,0,1.6812412373755872,0,0,0,0,1,0
The Avengers,6.483405696813881,4,1.8976270912904414,0,2.041392685158225,0,0,0,0,1,0
Titanic,6.511473862134534,0,3.2195845262142546,0,2.093421685162235,0,0,0,0,1,0
Jurassic Park,6.784789763858094,1,2.965201701025912,4,1.6020599913279623,0,0,0,1,0,0
Avatar,6.465454682574452,3,3.1772478362556233,1,2.037426497940624,1,0,0,0,0,0
The Lion King,6.71818020860226,3,3.53832233323144,0,1.1760912590556813,0,0,0,0,1,0
Star Wars,6.204088495164552,4,3.525692524505011,3,2.060697840353612,0,1,0,0,0,0
Frozen,4.9982418965279996,2,3.3562171342197353,1,1.9084850188786497,0,1,0,0,0,0
Inception,6.503761139136139,4,3.6398847419163043,2,2.1789769472931693,0,0,1,0,0,0
The Dark Knight,6.294338564504292,3,3.1522883443830563,3,1.724275869600789,1,0,0,0,0,0
Harry Potter,5.737279333865939,2,3.186391215695493,0,1.7634279935629373,0,1,0,0,0,0
Toy Story,4.373298279614871,2,3.5369370227046737,0,2.2121876044039577,0,0,0,1,0,0
Finding Nemo,6.991277035830524,2,3.404491617758686,3,1.3222192947339193,0,0,0,0,0,1
Black Panther,6.89688755665952,0,3.156851901070011,3,1.380211241711606,0,1,0,0,0,0
The Godfather,6.49380674076764,1,2.8419848045901137,1,2.12057393120585,0,0,0,1,0,0
Spider-Man,6.858164338304658,3,3.3453737305590883,2,1.255272505103306,0,0,0,0,1,0
Shrek,6.238382613706269,4,3.331427296520743,0,1.8388490907372552,0,0,0,0,0,1
Iron Man,6.663579946694053,3,2.8506462351830666,2,2.173186268412274,0,0,0,0,1,0
Captain America,6.535072991405136,3,3.2043913319193,3,2.1072099696478683,1,0,0,0,0,0
Batman Begins,5.9538181412284406,3,3.137670537236755,0,2.0086001717619175,0,0,1,0,0,0
Wonder Woman,5.918435070042437,2,3.6400837313731205,0,1.9242792860618816,1,0,0,0,0,0
Guardians of the Galaxy,4.682803693083709,2,2.8175653695597807,4,2.089905111439398,0,0,0,1,0,0
Coco,5.769989190986079,3,3.2355284469075487,2,0.9030899869919435,0,0,1,0,0,0
Pirates of the Caribbean,3.9289588408808296,4,3.3827372657613304,1,1.568201724066995,1,0,0,0,0,0
X-Men,3.8228869478341507,3,3.3560258571931225,3,2.12057393120585,0,1,0,0,0,0
The Matrix,5.17534072910611,4,2.7596678446896306,2,1.0791812460476249,0,0,1,0,0,0
Forrest Gump,6.432473495603788,2,3.0293837776852097,0,1.4313637641589874,0,0,0,0,0,1
Jaws,6.973084514392204,2,3.1604685311190375,0,1.0413926851582251,0,0,1,0,0,0
Interstellar,6.9094700175807615,3,3.123524980942732,1,1.7481880270062005,1,0,0,0,0,0
Deadpool,6.217742075296327,0,3.143327129992046,3,1.3979400086720377,0,0,0,1,0,0
Mad Max,6.246035480445647,2,3.6158448828747023,1,1.9867717342662448,0,0,0,1,0,0
The Hunger Games,6.523026553966366,3,3.6481647785740012,0,2.089905111439398,1,0,0,0,0,0
The Avengers,6.340129087534556,2,3.3324384599156054,2,1.2041199826559248,0,0,1,0,0,0
Titanic,5.878653902034747,2,3.2000292665537704,2,1.462397997898956,0,0,0,0,1,0
Jurassic Park,6.985372756572755,1,3.4497868469857735,3,1.6334684555795864,0,0,1,0,0,0
Avatar,5.302151198368744,0,3.638089721984506,3,2.214843848047698,0,0,1,0,0,0
The Lion King,6.849663643436137,1,3.0842186867392387,4,2.1367205671564067,0,0,0,0,0,1
Star Wars,6.7101017031375685,3,3.185258765296585,2,1.6127838567197355,0,1,0,0,0,0
Frozen,6.947891156697209,0,2.4456042032735974,4,1.6532125137753437,0,1,0,0,0,0
Inception,5.819893204710589,3,3.589726256254237,0,1.9777236052888478,0,0,1,0,0,0
The Dark Knight,6.665529397896261,3,3.2234959409623944,4,1.919078092376074,0,1,0,0,0,0
Harry Potter,6.867509206410619,0,2.3944516808262164,1,1.9731278535996986,1,0,0,0,0,0
Toy Story,6.977194083350078,4,3.0362295440862948,2,2.225309281725863,1,0,0,0,0,0
Finding Nemo,4.979001748474721,1,3.5652573434202135,3,1.3424226808222062,0,1,0,0,0,0
Black Panther,6.687820919407706,3,3.3138672203691533,1,2.164352855784437,0,0,1,0,0,0
The Godfather,6.912765196169121,1,3.292920299600006,2,1.1760912590556813,0,0,0,1,0,0
Spider-Man,6.5938377800565116,4,3.604334073102911,3,1.6434526764861874,0,1,0,0,0,0
Shrek,5.40350829485568,3,2.3344537511509307,4,1.9444826721501687,0,0,0,0,0,1
Iron Man,6.829607479731044,0,3.5521813388393357,0,1.462397997898956,0,0,1,0,0,0
Captain America,6.802995261553886,4,3.170848203643309,4,1.8808135922807914,0,0,1,0,0,0
Batman Begins,6.102543809044565,2,3.6021685513789974,4,1.8864907251724818,0,0,0,1,0,0
Wonder Woman,5.87503404675137,3,3.1031192535457137,1,2.041392685158225,0,1,0,0,0,0
Guardians of the Galaxy,6.87721038517237,4,3.616685520895512,3,1.6127838567197355,1,0,0,0,0,0
Coco,5.749419365889047,1,3.522313795156667,0,1.6434526764861874,0,1,0,0,0,0
Pirates of the Caribbean,6.416802214484493,4,3.511214701136388,1,1.954242509439325,0,0,1,0,0,0
X-Men,5.969079343541783,0,3.339053735709139,0,2.2405492482826,1,0,0,0,0,0
The Matrix,6.146851154065926,4,3.587935348636356,4,1.99563519459755,0,0,1,0,0,0
Forrest Gump,5.413190757578614,2,2.7481880270062002,3,1.9242792860618816,0,0,0,0,0,1
Jaws,3.5907304057926903,1,3.482873583608754,4,2.2278867046136734,0,1,0,0,0,0
Interstellar,5.860612274256542,2,3.6138418218760693,4,1.9344984512435677,0,0,0,0,1,0
Deadpool,6.751682410115727,3,3.2753113545418118,0,2.225309281725863,0,0,0,1,0,0
Mad Max,6.647968872270158,3,3.0780941504064105,3,2.1367205671564067,0,0,0,1,0,0
The Hunger Games,5.945591667032007,1,3.386855529184724,0,1.3617278360175928,1,0,0,0,0,0
The Avengers,5.975800228042746,3,3.3634239329171765,3,1.5314789170422551,1,0,0,0,0,0
Titanic,6.998648154389384,2,3.553640336231354,2,1.9493900066449128,0,0,0,1,0,0
Jurassic Park,3.8901414600645774,4,3.5943925503754266,1,0.9542425094393249,0,1,0,0,0,0
Avatar,6.984939764693084,1,3.525044807036845,2,2.037426497940624,0,0,0,0,1,0
The Lion King,4.256862005896403,2,3.620448384711709,2,2.0791812460476247,0,0,1,0,0,0
Star Wars,5.984905637278676,2,3.484584529282843,1,2.2278867046136734,0,0,0,0,1,0
Frozen,6.613564249661807,0,2.9849771264154934,1,1.954242509439325,0,0,0,1,0,0
Inception,4.89144824810374,0,3.3778524190067545,2,2.2068258760318495,1,0,0,0,0,0
The Dark Knight,6.336188265004054,2,3.396548037987132,4,1.8976270912904414,0,0,0,1,0,0
Harry Potter,6.9319547873676495,0,3.364550995353972,3,2.0170333392987803,1,0,0,0,0,0
Toy Story,5.016088557067908,3,2.8744818176994666,0,0.9542425094393249,0,0,1,0,0,0
Finding Nemo,4.89416647122255,4,3.123851640967086,4,2.100370545117563,0,0,0,0,0,1
Black Panther,5.566971045994559,2,2.8041394323353503,4,1.9777236052888478,0,0,0,0,1,0
The Godfather,4.949863081080867,3,1.8750612633917,0,1.4471580313422192,0,0,0,0,1,0
Spider-Man,6.978034448869163,3,3.612889769287485,3,2.0530784434834195,0,1,0,0,0,0
Shrek,5.312372025729334,0,3.065206128054312,2,2.220108088040055,1,0,0,0,0,0
Iron Man,6.966571260520978,3,3.635081436010873,4,0.6020599913279624,0,0,1,0,0,0
Captain America,4.8121108412031,3,3.2518814545525276,4,1.845098040014257,1,0,0,0,0,0
Batman Begins,5.027504539669417,2,3.149834696715785,2,1.3617278360175928,0,0,1,0,0,0
Wonder Woman,6.758134536330553,3,2.926342446625655,3,1.8512583487190752,1,0,0,0,0,0
Guardians of the Galaxy,6.683559419600612,3,3.3854275148051305,4,1.7634279935629373,0,1,0,0,0,0
Coco,6.984987196895417,0,3.395326393069351,4,1.0,0,0,1,0,0,0
Pirates of the Caribbean,6.949690931876618,1,3.510276844417355,3,2.2013971243204513,0,1,0,0,0,0
X-Men,6.924807924531272,2,2.838849090737255,1,1.792391689498254,0,0,1,0,0,0
The Matrix,5.8722233063202225,1,3.371437317404101,1,1.9344984512435677,0,1,0,0,0,0
Forrest Gump,6.9399327835687,0,3.3352572564345317,0,1.7781512503836436,0,0,0,0,1,0
Jaws,6.505273191899046,1,3.513217600067939,4,2.2405492482826,0,0,0,1,0,0
Interstellar,5.8181803497073545,1,3.628695382714023,4,1.7481880270062005,0,0,1,0,0,0
Deadpool,4.738185770239969,2,3.575880315680646,2,1.2304489213782739,0,0,0,0,0,1
Mad Max,6.590667324312257,4,3.498172660636544,2,2.143014800254095,0,0,0,1,0,0
The Hunger Games,6.255592558685537,4,3.6310376965367404,1,2.130333768495006,1,0,0,0,0,0
The Avengers,6.899024697607854,0,3.3656751404559175,2,2.2430380486862944,0,0,0,1,0,0
Titanic,6.930432203541848,3,3.3531465462139796,1,0.7781512503836436,1,0,0,0,0,0
Jurassic Park,5.8009891142908145,1,3.2422929049829308,0,1.3010299956639813,0,1,0,0,0,0
Avatar,5.708119083853557,2,3.430075055551939,0,1.954242509439325,0,0,0,0,1,0
The Lion King,5.682201052512408,0,3.4474681309497557,0,1.3222192947339193,0,1,0,0,0,0
Star Wars,6.493191955408484,4,2.866877814337499,3,1.8573324964312685,0,0,1,0,0,0
Frozen,6.322384708745404,3,3.519434194913703,3,1.9030899869919435,0,0,0,0,1,0
Inception,6.8044560041908655,3,2.550228353055094,4,2.100370545117563,0,0,0,0,0,1
The Dark Knight,6.940727604320919,0,3.462996612028056,4,1.568201724066995,0,0,0,0,0,1
Harry Potter,6.528879051224736,0,3.5722906061514177,1,1.3222192947339193,0,0,0,0,1,0
Toy Story,5.874443547073626,2,3.056142262059052,2,1.8808135922807914,0,0,0,0,1,0
Finding Nemo,5.2186956447536526,3,1.0,2,2.0718820073061255,0,1,0,0,0,0
Black Panther,6.943808598041003,2,2.979548374704095,3,0.9030899869919435,0,0,1,0,0,0
The Godfather,6.530817391726034,3,3.130655349022031,1,1.4771212547196624,0,0,1,0,0,0
Spider-Man,6.802070214267687,0,3.5459253293558426,1,2.100370545117563,0,0,0,0,1,0
Shrek,5.991946937730421,3,3.155336037465062,0,2.146128035678238,0,0,0,1,0,0
Iron Man,6.593124727676589,4,3.5780658838360915,2,1.8260748027008264,1,0,0,0,0,0
Captain America,6.3358332577270495,0,3.5224442335063197,1,2.1986570869544226,0,0,0,1,0,0
Batman Begins,4.0997841966035775,3,3.637189422148762,1,0.6989700043360189,0,0,0,0,1,0
Wonder Woman,5.374827134908044,2,3.5514499979728753,3,1.9912260756924949,1,0,0,0,0,0
Guardians of the Galaxy,4.97190178372309,1,3.380934463330702,2,1.8325089127062364,0,0,0,1,0,0
Coco,6.17948601010138,1,3.4401216031878037,3,1.414973347970818,1,0,0,0,0,0
Pirates of the Caribbean,6.93210328948266,0,3.3533390953113047,1,2.146128035678238,0,0,1,0,0,0
X-Men,5.31831173046864,3,3.00774777800074,2,1.3222192947339193,0,0,0,0,0,1
The Matrix,4.717087724927019,4,3.5926208213219826,3,2.037426497940624,1,0,0,0,0,0
Forrest Gump,3.280350693046006,0,3.179838928023187,3,1.4313637641589874,0,0,0,0,0,1
Jaws,4.326438276795728,3,3.2591158441850663,3,1.9731278535996986,0,0,0,0,0,1
Interstellar,4.099231615080882,4,3.317854489331469,3,1.380211241711606,0,0,0,0,0,1
Deadpool,5.46828380650563,3,3.5893910231369333,1,1.568201724066995,0,0,1,0,0,0
Mad Max,6.629388495548262,2,3.6396856612426816,1,2.123851640967086,1,0,0,0,0,0
The Hunger Games,3.778078861937455,2,3.428134794028789,4,1.9344984512435677,0,1,0,0,0,0
The Avengers,6.958343622396767,0,3.6200318951262975,1,2.2174839442139063,1,0,0,0,0,0
Titanic,6.618506741507617,2,3.5515719736742537,1,2.2095150145426308,0,1,0,0,0,0
Jurassic Park,6.8462085988667685,0,3.6527296960692475,3,2.2095150145426308,0,0,1,0,0,0
Avatar,6.830731571036871,1,3.377124042346456,0,1.919078092376074,1,0,0,0,0,0
The Lion King,6.9219947931152275,0,3.5532760461370994,1,1.7634279935629373,0,0,0,1,0,0
Star Wars,5.3118957780134535,3,3.5962671263955155,3,2.1958996524092336,0,0,0,0,0,1
Frozen,6.29279373177331,4,3.4891143693789193,3,2.0253058652647704,0,0,0,0,0,1
Inception,5.677961724904664,2,2.976808337338066,0,2.2227164711475833,0,0,0,0,0,1
The Dark Knight,6.045279938462093,1,3.5589484459780394,4,1.6989700043360187,0,0,1,0,0,0
Harry Potter,5.637535758285608,2,3.459543258280413,1,1.8808135922807914,0,0,0,0,0,1
Toy Story,6.771948508000939,3,3.3944516808262164,1,1.7481880270062005,0,0,0,0,0,1
Finding Nemo,5.915553895354754,3,3.4781334281005174,3,2.230448921378274,0,0,0,1,0,0
Black Panther,6.61473759402176,3,3.5388249889379035,2,2.2095150145426308,0,1,0,0,0,0
The Godfather,6.749031057940423,2,3.563599728881531,3,1.8692317197309762,0,0,1,0,0,0
Spider-Man,6.73575263189244,4,3.5512059437479064,3,1.919078092376074,0,1,0,0,0,0
Shrek,5.972991537663726,0,3.347720217034038,3,2.0253058652647704,0,0,0,0,1,0
Iron Man,5.241112965906733,0,3.073351702386901,1,2.1760912590556813,1,0,0,0,0,0
Captain America,6.9324244978709135,1,3.4310419453358856,4,2.1367205671564067,1,0,0,0,0,0
Batman Begins,5.801743191467323,0,3.5560611590095323,0,1.8573324964312685,0,0,1,0,0,0
Wonder Woman,5.263591098438899,0,3.585686278452497,0,2.0569048513364727,1,0,0,0,0,0
Guardians of the Galaxy,4.507248513918786,1,3.5691397254724593,4,2.1986570869544226,0,0,1,0,0,0
Coco,5.959481191001689,0,3.3716219271760215,1,2.1522883443830563,0,0,0,1,0,0
Pirates of the Caribbean,6.948541572240116,1,3.5449357658815024,1,2.0863598306747484,0,1,0,0,0,0
X-Men,6.2358744821163015,1,3.315970345456918,0,1.9822712330395684,0,0,1,0,0,0
The Matrix,5.673140759554794,0,2.161368002234975,4,2.103803720955957,0,0,1,0,0,0
Forrest Gump,4.937908881893459,3,3.0261245167454502,2,2.1172712956557644,0,0,0,0,1,0
Jaws,6.614703005033784,1,2.0043213737826426,1,1.7853298350107671,0,0,1,0,0,0
Interstellar,6.541548293122023,3,3.512550992904211,2,2.247973266361807,0,0,1,0,0,0
Deadpool,6.7842954103736925,2,3.403977963669355,2,2.1072099696478683,0,0,0,0,1,0
Mad Max,6.766672453808063,3,3.3544926005894364,1,2.173186268412274,0,0,0,1,0,0
The Hunger Games,6.301543462380357,2,3.4192947217534604,4,2.0969100130080562,0,0,0,0,1,0
The Avengers,6.855971809487723,3,3.3727279408855955,1,1.2787536009528289,1,0,0,0,0,0
Titanic,5.400764143528404,1,3.1027766148834415,4,1.8920946026904804,0,1,0,0,0,0
Jurassic Park,5.374850951993784,1,3.457124626303409,4,2.0170333392987803,1,0,0,0,0,0
Avatar,6.743095811863694,1,3.3348556896172914,4,1.724275869600789,0,0,0,1,0,0
The Lion King,6.188079585746786,0,3.1489109931093564,1,2.1986570869544226,0,0,0,0,1,0
Star Wars,5.960097209281447,2,3.217220655644519,2,1.7853298350107671,0,0,0,0,1,0
Frozen,3.9724342769573653,4,3.53198955141255,3,1.9590413923210936,0,0,0,0,1,0
Inception,6.028814357017225,4,3.0310042813635367,4,2.2041199826559246,0,1,0,0,0,0
The Dark Knight,6.978985658131304,2,3.6267508536833932,2,2.2430380486862944,0,0,0,1,0,0
Harry Potter,6.945017610511025,4,3.496652939250918,4,1.380211241711606,0,0,1,0,0,0
Toy Story,5.200861437360908,0,3.4452927694259716,3,0.0,0,0,0,1,0,0
Finding Nemo,6.313312824966731,3,3.4647875196459372,2,2.2068258760318495,0,0,0,1,0,0
Black Panther,4.564642396332963,1,3.578409970331236,0,2.2041199826559246,1,0,0,0,0,0
The Godfather,6.356395902063128,1,3.5705429398818973,1,2.2013971243204513,0,0,0,0,0,1
Spider-Man,5.065811177180549,0,3.5550944485783194,1,0.9030899869919435,0,0,0,0,0,1
Shrek,6.7575621222601105,0,3.590507462008583,4,1.9867717342662448,0,0,0,1,0,0
Iron Man,6.145132360831362,4,2.9355072658247128,0,2.0644579892269186,1,0,0,0,0,0
Captain America,6.935189288206485,2,3.3891660843645326,3,1.5563025007672873,0,0,0,0,0,1
Batman Begins,5.793444626885426,2,3.485437481076301,4,1.6532125137753437,0,0,0,0,1,0
Wonder Woman,5.960505500677564,4,3.200303182981585,4,1.845098040014257,0,0,0,1,0,0
Guardians of the Galaxy,6.4670393772749115,4,3.511214701136388,4,0.47712125471966244,0,1,0,0,0,0
Coco,5.81990569689715,4,3.0813473078041325,2,2.0170333392987803,0,0,0,0,1,0
Pirates of the Caribbean,5.405469304638569,1,3.6214878645806303,0,1.5185139398778875,0,0,1,0,0,0
X-Men,5.984831437994188,0,1.1760912590556813,4,1.7403626894942439,0,0,1,0,0,0
The Matrix,6.990681492504312,2,3.104145550554008,0,2.0211892990699383,0,0,1,0,0,0
Forrest Gump,5.731454991554498,3,3.130655349022031,2,2.143014800254095,0,1,0,0,0,0
Jaws,6.616817353402799,4,2.678518379040114,1,1.4313637641589874,0,0,0,0,0,1
Interstellar,4.820871109920718,3,3.63286204010023,3,1.9867717342662448,0,1,0,0,0,0
Deadpool,5.784276283972637,2,2.7299742856995555,1,1.7403626894942439,0,0,0,1,0,0
Mad Max,6.014727556314795,4,3.402433346219312,4,2.2121876044039577,0,0,0,0,0,1
The Hunger Games,6.9665976668628975,0,2.73559889969818,4,1.6334684555795864,0,0,1,0,0,0
The Avengers,5.9382204191823105,3,3.5251744278352715,1,2.184691430817599,1,0,0,0,0,0
Titanic,6.376273940092947,2,2.9449759084120477,4,2.0453229787866576,0,0,0,0,0,1
Jurassic Park,6.209908114363453,3,2.909020854211156,2,1.9030899869919435,0,0,1,0,0,0
Avatar,6.95918793005273,4,3.6010817277840235,1,1.8808135922807914,0,0,0,1,0,0
The Lion King,6.258271785318883,3,2.5490032620257876,4,0.9542425094393249,0,0,0,0,0,1
Star Wars,6.755890550943837,3,3.550595207489328,4,1.7160033436347992,0,1,0,0,0,0
Frozen,5.543433511084617,0,3.400192488592576,4,2.060697840353612,0,0,0,1,0,0
Inception,6.782097004881263,4,3.45499721730946,2,2.100370545117563,0,0,0,1,0,0
The Dark Knight,4.688464317108728,1,3.052693941924968,3,1.9637878273455553,0,1,0,0,0,0
Harry Potter,6.946081531789512,2,3.3925210899319325,4,1.9731278535996986,0,1,0,0,0,0
Toy Story,5.958179106595572,1,3.139249217571607,1,1.9395192526186185,0,0,0,0,1,0
Finding Nemo,6.962595517191546,2,3.587598729721245,2,2.012837224705172,1,0,0,0,0,0
Black Panther,5.582613272543108,0,3.5658478186735176,0,2.089905111439398,0,0,0,1,0,0
The Godfather,6.684705808663501,0,1.4471580313422192,0,2.1367205671564067,0,0,0,0,0,1
Spider-Man,6.7111671218862465,2,3.1528995963937474,1,1.5314789170422551,0,0,0,0,0,1
Shrek,5.387895022686629,2,2.960946195733831,1,2.0569048513364727,0,0,0,0,1,0
Iron Man,6.89140068076245,4,3.361727836017593,0,1.7993405494535817,0,0,0,0,0,1
Captain America,4.971637610093387,0,3.3109056293761414,4,1.380211241711606,0,1,0,0,0,0
Batman Begins,6.8752088984190145,1,3.204662511748219,3,1.9344984512435677,0,0,0,1,0,0
Wonder Woman,6.308196761624719,1,3.484442207642407,4,1.724275869600789,0,0,0,0,0,1
Guardians of the Galaxy,6.254124209659319,1,3.6201360549737576,3,2.12057393120585,0,0,0,0,1,0
Coco,5.678164061477017,0,3.256717745977487,0,1.9590413923210936,0,0,0,1,0,0
Pirates of the Caribbean,6.927756487554166,0,3.468495024507069,2,1.863322860120456,0,1,0,0,0,0
X-Men,4.870081869516458,3,3.184975190698261,3,1.7558748556724915,0,0,0,0,1,0
The Matrix,6.730916418038573,1,3.237040791379191,0,2.2041199826559246,0,1,0,0,0,0
Forrest Gump,6.932764786509954,0,3.6494322232416168,1,2.2013971243204513,0,0,1,0,0,0
Jaws,6.675978950379939,3,3.554125581513013,4,1.380211241711606,1,0,0,0,0,0
Interstellar,6.465083055057785,2,3.375846436309156,4,2.0718820073061255,0,0,1,0,0,0
Deadpool,5.946391341604594,2,3.6307328928171967,0,1.8750612633917,0,1,0,0,0,0
Mad Max,5.640883743173494,1,3.606596309179285,0,1.8573324964312685,0,1,0,0,0,0
The Hunger Games,6.9756727406359795,3,3.617734035364018,0,2.225309281725863,0,0,0,0,1,0
The Avengers,5.883384874680011,2,2.8432327780980096,0,1.9344984512435677,0,0,0,1,0,0
Titanic,6.790928035081657,1,3.484299839346786,1,2.0681858617461617,0,0,1,0,0,0
Jurassic Park,5.89358756561096,2,3.3085644135612386,2,1.99563519459755,0,0,0,1,0,0
Avatar,6.033528295279234,0,3.292920299600006,1,2.214843848047698,0,0,1,0,0,0
The Lion King,6.442940942408769,4,3.6527296960692475,2,0.6989700043360189,0,0,0,0,0,1
Star Wars,5.981501941340624,1,3.262213705476417,2,2.2278867046136734,0,0,0,0,1,0
Frozen,6.811260162316735,0,3.1911714557285586,0,1.8512583487190752,0,0,0,0,1,0
Inception,6.821829799693632,0,3.374748346010104,1,2.130333768495006,0,1,0,0,0,0
The Dark Knight,4.3311437483715745,1,2.9222062774390163,1,1.8750612633917,0,0,0,0,1,0
Harry Potter,5.8690479860428875,3,3.552303109338354,3,2.0791812460476247,0,0,0,0,1,0
Toy Story,5.878506859190753,1,3.561220678933944,1,1.1760912590556813,0,0,0,0,1,0
Finding Nemo,6.703512339090487,4,3.274850320016665,0,2.2095150145426308,0,0,0,0,1,0
Black Panther,5.953584779315296,3,3.5440680443502757,0,2.1760912590556813,0,1,0,0,0,0
The Godfather,5.921610012119456,4,3.5864747785713966,3,2.2528530309798933,1,0,0,0,0,0
Spider-Man,6.868368494415508,3,3.4575791469957626,4,1.2304489213782739,0,0,0,0,0,1
Shrek,6.2125298427781726,2,3.3963737275365067,2,2.1367205671564067,0,1,0,0,0,0
Iron Man,6.876439147327121,1,2.7363965022766426,2,1.5185139398778875,1,0,0,0,0,0
Captain America,6.551217539426655,1,3.6473829701146196,0,2.1367205671564067,0,0,0,1,0,0
Batman Begins,6.769925904052823,2,3.544811911757776,3,2.1818435879447726,0,0,1,0,0,0
Wonder Woman,6.6592916786321545,4,1.7634279935629373,0,2.143014800254095,0,0,0,0,1,0
Guardians of the Galaxy,4.798547065252727,2,3.5503506723016156,1,2.0,0,0,0,0,0,1
Coco,5.152887379780801,2,2.8756399370041685,3,2.1172712956557644,1,0,0,0,0,0
Pirates of the Caribbean,4.516878971775435,3,3.2979792441593623,3,2.0492180226701815,0,1,0,0,0,0
X-Men,6.823693994382834,4,3.596047007545439,0,1.7481880270062005,0,0,0,0,0,1
The Matrix,5.87315545712344,2,3.3854275148051305,0,2.0755469613925306,0,1,0,0,0,0
Forrest Gump,6.036248321822611,1,3.448242412634439,1,1.919078092376074,0,0,0,0,0,1
Jaws,6.667902238550573,3,3.5569052690554477,1,2.1818435879447726,0,0,0,0,1,0
Interstellar,6.937901015439321,1,3.4991369945373827,0,2.089905111439398,0,0,1,0,0,0
Deadpool,5.737787203066689,3,2.662757831681574,0,2.2405492482826,0,0,0,1,0,0
Mad Max,5.948613438350521,1,2.846955325019824,1,2.130333768495006,1,0,0,0,0,0
The Hunger Games,6.8648322334090315,2,3.5067755366066433,1,1.505149978319906,0,0,0,0,1,0
The Avengers,6.109000790697268,3,3.353531559077762,4,2.0293837776852097,0,1,0,0,0,0
Titanic,6.807850825254745,1,3.598571663482141,4,1.5563025007672873,0,1,0,0,0,0
Jurassic Park,6.094894385648871,3,2.4099331233312946,2,1.146128035678238,1,0,0,0,0,0
Avatar,5.161439879511265,1,3.5363058723510337,4,1.8920946026904804,0,0,1,0,0,0
The Lion King,4.472624824984669,2,3.5471591213274176,4,2.2278867046136734,0,0,1,0,0,0
Star Wars,5.8588564851173315,1,3.4584867637982066,1,2.225309281725863,0,1,0,0,0,0
Frozen,5.89994081924294,0,3.3104808914626753,0,1.863322860120456,0,0,0,1,0,0
Inception,6.652828620852763,2,3.576341350205793,2,1.4313637641589874,0,0,0,1,0,0
The Dark Knight,6.855728196640709,3,2.419955748489758,2,2.0530784434834195,0,0,0,0,1,0
Harry Potter,5.874115789239812,2,3.4452927694259716,4,1.9138138523837167,0,0,0,0,0,1
Toy Story,6.951416549314114,4,3.586024382386976,4,1.6127838567197355,1,0,0,0,0,0
Finding Nemo,6.8604320436082595,2,3.625209525381881,1,1.3617278360175928,0,1,0,0,0,0
Black Panther,4.215981056791863,2,2.4927603890268375,0,1.6434526764861874,1,0,0,0,0,0
The Godfather,6.982093814652488,3,3.5483894181329183,1,1.9637878273455553,0,1,0,0,0,0
Spider-Man,6.32642025335435,0,3.0576661039098294,1,2.1492191126553797,0,0,0,1,0,0
Shrek,5.732217593558067,1,3.2081725266671217,0,1.3617278360175928,0,1,0,0,0,0
Iron Man,5.729971859466622,2,3.581835924057648,3,1.5563025007672873,0,0,1,0,0,0
Captain America,6.464894888513074,0,3.024074987307426,1,1.8750612633917,1,0,0,0,0,0
Batman Begins,5.777847137794483,1,3.590507462008583,1,1.255272505103306,0,1,0,0,0,0
Wonder Woman,6.706963272767303,4,3.640878778701618,0,1.6812412373755872,0,0,0,0,0,1
Guardians of the Galaxy,6.832833618016861,4,3.0136796972911926,0,1.8512583487190752,1,0,0,0,0,0
Coco,6.953471628543698,4,3.0025979807199086,0,1.7781512503836436,0,0,0,0,0,1
Pirates of the Caribbean,6.288885441307311,2,2.060697840353612,4,1.5797835966168101,0,1,0,0,0,0
X-Men,6.9908608489045445,4,3.4189638307036225,0,1.8976270912904414,0,0,0,0,1,0
The Matrix,6.768490105171245,2,3.400710636773231,3,2.187520720836463,0,0,0,0,0,1
Forrest Gump,6.711404371153231,3,3.1215598441875008,4,1.6989700043360187,0,0,1,0,0,0
Jaws,6.99385964852933,1,3.42422807069598,2,2.0043213737826426,0,0,0,1,0,0
Interstellar,6.9740415897964905,3,2.534026106056135,2,1.568201724066995,0,0,1,0,0,0
Deadpool,5.887594797447993,1,3.3979400086720375,0,1.3617278360175928,0,1,0,0,0,0
Mad Max,4.864718685895433,3,2.974971994298069,4,2.155336037465062,1,0,0,0,0,0
The Hunger Games,6.82371282995173,0,3.315130317183602,1,2.2430380486862944,1,0,0,0,0,0
The Avengers,6.967472155262241,3,3.6231458746379395,2,2.146128035678238,0,0,0,0,0,1
Titanic,5.955723338879289,0,3.3895204658463776,0,1.4471580313422192,0,0,0,0,0,1
Jurassic Park,5.985882984313934,1,3.188365926063148,2,1.919078092376074,0,1,0,0,0,0
Avatar,5.912464385832055,4,2.089905111439398,2,1.7481880270062005,0,0,1,0,0,0
The Lion King,6.87979076815432,4,3.2889196056617265,0,1.6434526764861874,0,0,1,0,0,0
Star Wars,4.938669801022679,2,3.458939861890326,4,2.1702617153949575,0,1,0,0,0,0
Frozen,4.275034792561396,3,2.9822712330395684,0,1.9637878273455553,0,1,0,0,0,0
Inception,5.224393195709057,3,3.5460488664017342,0,2.2380461031287955,0,0,0,0,0,1
The Dark Knight,2.9818186071706636,2,3.382197210377454,2,2.089905111439398,0,0,0,0,0,1
Harry Potter,6.5342001699221814,3,3.6307328928171967,4,2.113943352306837,0,0,0,0,0,1
Toy Story,4.189321841020496,2,3.527372082827612,2,2.123851640967086,0,0,0,0,0,1
Finding Nemo,5.047940405208889,4,3.27415784926368,1,2.1271047983648077,0,0,0,1,0,0
Black Panther,5.615302859968161,1,3.4255342204982635,3,2.0170333392987803,0,1,0,0,0,0
The Godfather,6.133821427205111,3,2.9459607035775686,0,1.806179973983887,0,1,0,0,0,0
Spider-Man,6.558811493326906,3,3.307923703611882,2,2.0293837776852097,0,0,0,0,0,1
Shrek,6.700857509749654,4,3.3585059114902354,1,2.143014800254095,0,0,1,0,0,0
Iron Man,5.891973205985464,3,3.390405156480081,1,1.414973347970818,1,0,0,0,0,0
Captain America,4.649889544368922,3,3.464042205438811,2,1.99563519459755,0,0,0,0,0,1
Batman Begins,5.973740977061167,1,3.6444385894678386,1,1.7075701760979363,0,0,0,0,0,1
Wonder Woman,6.999635517455544,1,2.4742162640762553,0,2.0293837776852097,1,0,0,0,0,0
Guardians of the Galaxy,5.891066670444284,3,2.847572659142112,1,1.9444826721501687,0,0,1,0,0,0
Coco,6.413844554038679,1,3.149834696715785,1,1.8129133566428555,0,0,1,0,0,0
Pirates of the Caribbean,5.842255919668236,4,3.4470028984661623,4,1.8512583487190752,0,0,0,0,0,1
X-Men,6.422957177027969,1,3.644143050509919,0,0.0,1,0,0,0,0,0
The Matrix,6.781270345124645,1,3.594834355583318,3,2.0086001717619175,0,0,0,0,1,0
Forrest Gump,6.980590522637678,2,3.526339277389844,0,2.0211892990699383,0,1,0,0,0,0
Jaws,5.857063391770899,0,3.6261349786353887,0,0.9542425094393249,0,0,1,0,0,0
Interstellar,6.736218684045652,0,3.3279716236230104,0,2.247973266361807,0,1,0,0,0,0
Deadpool,6.758879356923682,4,3.638589083292717,4,1.5185139398778875,1,0,0,0,0,0
Mad Max,6.768595853511483,2,3.4679039465228003,3,2.155336037465062,0,0,1,0,0,0
The Hunger Games,5.633681510603341,4,3.3690302218091532,2,2.0827853703164503,0,1,0,0,0,0
The Avengers,5.63912077093466,3,3.1658376246901283,4,1.954242509439325,0,0,0,1,0,0
Titanic,6.930398049352055,1,3.5811528919662887,3,1.3617278360175928,1,0,0,0,0,0
Jurassic Park,6.89152725525617,3,3.4776999283321306,4,2.089905111439398,0,0,0,0,0,1
Avatar,6.407567985722035,3,2.2068258760318495,3,1.9138138523837167,1,0,0,0,0,0
The Lion King,6.178069734230732,4,3.463594402187,3,1.8750612633917,0,0,1,0,0,0
Star Wars,5.923347138370003,2,2.3283796034387376,2,2.103803720955957,0,1,0,0,0,0
Frozen,6.084749603691551,1,3.1414497734004674,3,2.0718820073061255,0,0,0,0,1,0
Inception,6.234457045018957,0,3.4553017716570764,3,1.7323937598229686,0,0,0,0,1,0
The Dark Knight,6.7172186683394886,2,3.1283992687178066,1,1.863322860120456,0,0,0,0,0,1
Harry Potter,4.954493362678243,0,3.548020694905531,4,2.1986570869544226,0,0,1,0,0,0
Toy Story,5.98684918400456,3,3.1367205671564067,2,2.167317334748176,0,0,0,1,0,0
Finding Nemo,5.68322270275718,1,2.916453948549925,2,1.6532125137753437,0,0,0,1,0,0
Black Panther,6.589312876636066,4,3.495405563146193,3,2.1789769472931693,1,0,0,0,0,0
The Godfather,5.353681621627545,1,3.3376588910261424,1,2.2329961103921536,0,0,1,0,0,0
Spider-Man,5.710764514829877,2,3.615739688619155,3,1.5314789170422551,0,1,0,0,0,0
Shrek,5.8211052438455075,2,3.1577588860468637,4,2.184691430817599,0,0,1,0,0,0
Iron Man,6.984472269218242,4,3.386498965550653,4,0.6020599913279624,0,1,0,0,0,0
Captain America,6.965545706657345,3,3.3639878297484915,2,1.6434526764861874,0,0,0,1,0,0
Batman Begins,5.8103635932965885,4,3.1838390370564214,4,2.0969100130080562,1,0,0,0,0,0
Wonder Woman,5.509511662219549,0,3.622006673006805,1,2.146128035678238,0,0,0,0,0,1
Guardians of the Galaxy,5.795808439715299,1,1.146128035678238,2,2.1172712956557644,0,0,1,0,0,0
Coco,5.83469022597657,2,3.5896145406312665,4,1.9731278535996986,0,0,0,0,1,0
Pirates of the Caribbean,6.600102019141592,1,3.5969268143429707,3,2.1818435879447726,0,0,0,0,1,0
X-Men,5.143530023937294,4,3.591287265058499,0,1.8388490907372552,0,0,0,0,1,0
The Matrix,5.944921186817719,0,3.1559430179718366,0,1.8750612633917,0,1,0,0,0,0
Forrest Gump,6.542677691934617,1,3.443888546777372,2,1.3222192947339193,0,0,0,1,0,0
Jaws,6.7635638016696,3,3.0770043267933502,4,1.9084850188786497,0,0,0,1,0,0
Interstellar,6.983715346694466,2,2.884228769632604,0,1.505149978319906,0,0,0,1,0,0
Deadpool,5.88160545735297,1,3.339848783037637,3,1.1760912590556813,1,0,0,0,0,0
Mad Max,5.776390239860922,0,2.662757831681574,0,1.9637878273455553,0,0,0,0,0,1
The Hunger Games,6.341872950524832,4,3.4148062795010126,0,1.845098040014257,0,0,0,1,0,0
The Avengers,6.629319264611984,0,3.048053173115609,0,2.2121876044039577,0,0,0,0,1,0
Titanic,5.8307547850220995,4,3.017450729510536,2,2.2380461031287955,0,0,0,0,0,1
Jurassic Park,6.587497019491951,3,2.9169800473203824,0,2.1931245983544616,0,0,1,0,0,0
Avatar,5.943353025637274,3,3.4101020766428607,1,0.0,0,0,0,0,1,0
The Lion King,6.297541230021082,3,3.566319621524811,3,2.0827853703164503,0,0,0,0,1,0
Star Wars,5.910204312640789,2,2.534026106056135,2,2.1367205671564067,0,0,0,0,1,0
Frozen,6.33099744615381,2,3.364550995353972,4,2.225309281725863,0,0,0,0,1,0
Inception,6.977332610016652,3,3.6336704060514435,0,2.167317334748176,0,0,0,1,0,0
The Dark Knight,6.736693075918317,3,2.499687082618404,4,1.146128035678238,0,0,0,0,0,1
Harry Potter,5.973469610496657,3,3.214578953570499,3,1.8129133566428555,0,0,0,0,0,1
Toy Story,4.76766780899997,4,3.0576661039098294,0,2.2329961103921536,0,0,0,1,0,0
Finding Nemo,4.518421807033958,4,2.7634279935629373,4,2.0170333392987803,1,0,0,0,0,0
Black Panther,6.1135673578302585,1,2.7708520116421442,4,1.8512583487190752,1,0,0,0,0,0
The Godfather,5.714187207275066,3,3.126780577012009,4,1.7075701760979363,0,0,0,0,0,1
Spider-Man,6.741176032155281,4,3.619927710291468,0,1.146128035678238,0,0,1,0,0,0
Shrek,6.69396618455319,3,3.5773768919170146,1,2.2528530309798933,0,0,0,0,1,0
Iron Man,6.527156816454416,3,3.3564083270389813,2,1.8260748027008264,0,0,0,1,0,0
Captain America,6.8565563463704375,1,2.710963118995276,4,1.3010299956639813,0,0,0,0,0,1
Batman Begins,6.5181223719572285,4,3.413634997198556,1,1.7634279935629373,0,0,0,0,1,0
Wonder Woman,5.841677878043413,4,2.866877814337499,2,2.2174839442139063,0,0,0,1,0,0
Guardians of the Galaxy,4.243707586661791,3,2.214843848047698,3,1.9030899869919435,0,0,0,0,0,1
Coco,5.704147941963696,4,3.2973227142053028,1,2.220108088040055,0,0,0,0,0,1
Pirates of the Caribbean,4.742921422599296,3,3.388633969351789,1,1.4771212547196624,0,1,0,0,0,0
X-Men,6.56554984710954,2,3.2027606873931997,3,1.7481880270062005,0,0,0,1,0,0
The Matrix,5.821016064852399,3,2.9459607035775686,2,1.8512583487190752,0,0,0,0,0,1
Forrest Gump,6.95873513061216,1,3.0696680969115957,1,1.5563025007672873,1,0,0,0,0,0
Jaws,5.428442580279988,3,3.1209028176145273,3,1.462397997898956,0,0,1,0,0,0
Interstellar,6.992878211586504,2,2.456366033129043,4,1.255272505103306,0,0,0,0,1,0
Deadpool,5.630316998815333,1,3.436162647040756,4,1.1139433523068367,0,0,1,0,0,0
Mad Max,5.975198283728928,1,3.2762319579218335,4,2.0969100130080562,0,1,0,0,0,0
The Hunger Games,4.900574666359741,2,2.3384564936046046,3,2.110589710299249,0,0,0,0,0,1
The Avengers,5.919997508824528,1,3.516667559099043,0,2.0969100130080562,0,0,0,1,0,0
Titanic,5.887062264001081,0,3.037824750588342,2,1.6127838567197355,1,0,0,0,0,0
Jurassic Park,5.191638218193423,3,2.910090545594068,0,2.2380461031287955,0,1,0,0,0,0
Avatar,5.927377036543618,3,3.6110857334148725,2,2.2013971243204513,0,0,0,0,0,1
The Lion King,5.576173129316468,4,2.8182258936139557,3,0.7781512503836436,0,0,0,1,0,0
Star Wars,4.741246171744091,0,3.143327129992046,0,2.0530784434834195,0,0,0,0,1,0
Frozen,6.776076527437072,1,3.545430829465351,3,1.8573324964312685,0,0,0,0,0,1
Inception,4.292256071356476,2,2.5943925503754266,3,2.012837224705172,0,0,0,0,0,1
The Dark Knight,6.147556065205567,4,3.461798557525109,0,1.5185139398778875,1,0,0,0,0,0
Harry Potter,6.638544663405785,2,3.162564406523019,2,1.255272505103306,0,0,0,0,1,0
Toy Story,6.5355532266419605,2,3.449324093098727,1,1.6812412373755872,0,0,1,0,0,0
Finding Nemo,6.521076074583273,4,3.59659709562646,0,2.1760912590556813,0,0,0,1,0,0
Black Panther,6.78897439191413,4,3.4551495211798278,2,0.9030899869919435,1,0,0,0,0,0
The Godfather,6.987336487005267,4,2.3654879848909,0,2.0569048513364727,0,0,0,0,1,0
Spider-Man,5.811981631424478,3,3.633367445117007,0,2.03342375548695,0,0,0,1,0,0
Shrek,6.818797360534841,2,3.612571954065176,2,1.9084850188786497,0,0,1,0,0,0
Iron Man,6.0223025601654605,3,3.1414497734004674,0,2.089905111439398,1,0,0,0,0,0
Captain America,6.719622100592612,4,3.154119525515847,4,0.7781512503836436,0,1,0,0,0,0
Batman Begins,5.805632689680276,1,3.511214701136388,3,1.8864907251724818,0,0,0,1,0,0
Wonder Woman,4.764415264880041,4,2.895422546039408,4,2.155336037465062,0,0,1,0,0,0
Guardians of the Galaxy,4.544588885286461,0,3.2237554536572413,2,2.225309281725863,0,1,0,0,0,0
Coco,6.929604866129201,2,3.5098742850047193,2,0.7781512503836436,0,0,0,0,1,0
Pirates of the Caribbean,4.9701282790340064,0,3.5520595341878844,2,1.8388490907372552,0,1,0,0,0,0
X-Men,5.570407493601808,0,3.286231854028553,1,2.1335389083702174,1,0,0,0,0,0
The Matrix,6.833909232290199,0,3.649334858712142,3,0.3010299956639812,0,0,0,1,0,0
Forrest Gump,6.931174876844076,3,3.509740015570382,3,1.6532125137753437,0,0,0,0,0,1
Jaws,6.853198607515559,2,3.6530194510996132,0,1.6020599913279623,0,0,0,1,0,0
Interstellar,6.880191305540949,0,3.2579184503140586,1,1.5440680443502757,0,0,0,1,0,0
Deadpool,4.552814172921466,4,3.17260293120986,1,1.6127838567197355,0,0,0,0,0,1
Mad Max,4.849517687142774,3,3.4194600727860704,2,2.0293837776852097,0,1,0,0,0,0
The Hunger Games,6.437614864222383,2,3.158060793936605,0,2.093421685162235,0,0,1,0,0,0
The Avengers,5.804339148233406,3,2.60422605308447,2,1.6434526764861874,1,0,0,0,0,0
Titanic,5.845342416997284,1,3.5836521085420436,0,2.0,1,0,0,0,0,0
Jurassic Park,5.81240861370254,0,1.9867717342662448,4,1.8976270912904414,1,0,0,0,0,0
Avatar,5.412752778836422,0,3.1696744340588068,4,1.9138138523837167,0,1,0,0,0,0
The Lion King,5.95867757800481,2,3.1755118133634475,2,1.662757831681574,0,0,1,0,0,0
Star Wars,5.47001188629146,1,3.569490954348783,1,1.8260748027008264,0,0,0,0,0,1
Frozen,6.838389187514886,3,3.6225248624035684,4,2.1072099696478683,0,1,0,0,0,0
Inception,5.790544114968579,3,3.084933574936716,2,2.1818435879447726,0,1,0,0,0,0
The Dark Knight,6.89501131875542,1,3.197280558125619,3,1.954242509439325,0,0,0,1,0,0
Harry Potter,6.842413763108193,4,3.529173603261723,3,2.110589710299249,1,0,0,0,0,0
Toy Story,6.956890948658715,0,3.5771469848275252,3,0.6020599913279624,0,0,1,0,0,0
Finding Nemo,6.982661334710791,4,3.091315159697223,3,0.47712125471966244,0,1,0,0,0,0
Black Panther,4.825075424613678,2,3.480438147177817,3,1.7708520116421442,0,0,0,0,0,1
The Godfather,5.7056653277678615,1,2.9132839017604186,2,2.155336037465062,0,0,1,0,0,0
Spider-Man,6.3835135880061165,4,3.6372895476781744,0,1.3617278360175928,0,0,1,0,0,0
Shrek,6.431912397870257,1,3.285782273779395,0,2.1172712956557644,0,1,0,0,0,0
Iron Man,6.022921775979395,3,2.6148972160331345,3,1.7634279935629373,1,0,0,0,0,0
Captain America,6.979983862000754,3,3.127428777851599,0,1.4313637641589874,0,1,0,0,0,0
Batman Begins,6.817900314752976,3,3.5933968423002067,0,2.0569048513364727,0,1,0,0,0,0
Wonder Woman,6.655349669619316,2,3.238798562713917,3,1.5314789170422551,0,0,0,1,0,0
Guardians of the Galaxy,6.8842711197841,4,3.3064250275506875,2,2.0211892990699383,1,0,0,0,0,0
Coco,6.95582388486388,2,3.595055089759304,4,1.7481880270062005,1,0,0,0,0,0
Pirates of the Caribbean,6.791927166348221,4,3.469380135849925,3,2.2405492482826,0,0,0,0,0,1
X-Men,5.810967372965505,1,3.2538224387080734,0,2.113943352306837,0,1,0,0,0,0
The Matrix,4.762198249051364,1,3.539828558377898,0,2.1789769472931693,0,0,0,0,1,0
Forrest Gump,6.8802318196232735,3,3.17666993266815,2,1.2787536009528289,0,1,0,0,0,0
Jaws,6.057601829655232,2,3.0958664534785427,4,1.568201724066995,0,1,0,0,0,0
Interstellar,6.231238873931513,0,2.7218106152125467,1,1.8808135922807914,0,1,0,0,0,0
Deadpool,5.876230545829468,1,3.646893624167745,1,1.7993405494535817,0,1,0,0,0,0
Mad Max,6.847223849727471,0,3.344785122632661,3,2.130333768495006,0,0,1,0,0,0
The Hunger Games,6.224832588819303,0,1.8864907251724818,0,2.0827853703164503,0,0,0,0,1,0
The Avengers,5.880038599864343,2,2.311753861055754,1,1.4771212547196624,0,0,1,0,0,0
Titanic,6.753994333222411,4,2.9185545305502734,0,2.155336037465062,0,0,1,0,0,0
Jurassic Park,5.888819508136782,4,3.230448921378274,4,2.089905111439398,0,0,0,0,0,1
Avatar,5.599523921387816,4,3.435525851498655,4,1.146128035678238,0,0,0,1,0,0
The Lion King,6.825279705339425,4,2.2648178230095364,0,2.110589710299249,0,1,0,0,0,0
Star Wars,5.609436455238426,2,3.27600198996205,3,2.130333768495006,0,0,0,1,0,0
Frozen,6.906872081689775,1,3.5212688755983854,4,1.6720978579357175,0,0,0,1,0,0
Inception,6.7199689993728144,3,3.5439439424829065,4,2.0043213737826426,0,1,0,0,0,0
The Dark Knight,5.452272634473437,2,2.2095150145426308,0,1.6232492903979006,0,0,1,0,0,0
Harry Potter,4.901970236402641,1,3.2576785748691846,1,1.380211241711606,0,0,1,0,0,0
Toy Story,5.062521818054562,4,3.403635189790548,2,1.6989700043360187,0,0,0,1,0,0
Finding Nemo,5.487787210319777,2,3.243286146083446,3,2.113943352306837,0,1,0,0,0,0
Black Panther,6.945248279919595,1,3.3418300569205104,4,2.2430380486862944,0,1,0,0,0,0
The Godfather,4.600689804531001,2,3.0132586652835167,1,1.6812412373755872,1,0,0,0,0,0
Spider-Man,5.569386786079954,2,2.645422269349092,4,2.03342375548695,0,0,0,0,1,0
Shrek,5.279345209767911,3,3.0145205387579237,3,2.1903316981702914,0,1,0,0,0,0
Iron Man,6.533200797786277,3,3.154119525515847,2,1.792391689498254,0,0,0,0,0,1
Captain America,4.553470372213122,1,2.655138434811382,3,1.8976270912904414,0,0,0,0,0,1
Batman Begins,6.741820023812619,2,3.060697840353612,2,1.7781512503836436,0,0,1,0,0,0
Wonder Woman,6.82006352773306,3,3.598790506763115,4,1.7708520116421442,0,0,0,0,0,1
Guardians of the Galaxy,5.256104106163609,1,3.3841741388070337,2,2.1398790864012365,0,0,0,0,1,0
Coco,5.688994348036145,1,1.3979400086720377,1,2.2227164711475833,0,0,0,1,0,0
Pirates of the Caribbean,5.597375927966022,4,3.216165902285993,3,2.060697840353612,1,0,0,0,0,0
X-Men,6.892656038522391,4,3.1189257528257768,2,1.8976270912904414,1,0,0,0,0,0
The Matrix,5.802350167186716,0,3.5654936298688624,3,1.8129133566428555,1,0,0,0,0,0
Forrest Gump,6.454041510777414,3,2.7209857441537393,4,2.0681858617461617,0,0,0,0,0,1
Jaws,4.920587647808317,2,1.9138138523837167,0,1.3010299956639813,0,0,0,1,0,0
Interstellar,6.274929883411243,3,3.1389339402569236,1,2.1072099696478683,0,0,0,0,1,0
Deadpool,6.692981679413363,4,2.949877704036875,1,1.968482948553935,0,0,0,1,0,0
Mad Max,6.634263193862061,2,3.6027109449575576,2,2.1702617153949575,0,1,0,0,0,0
The Hunger Games,6.662285326692935,3,3.4075608494863627,1,0.0,0,1,0,0,0,0
The Avengers,5.7154743515828415,3,3.4424797690644486,3,2.1958996524092336,0,0,0,0,0,1
Titanic,5.903056870775127,0,3.594171479114912,4,1.9867717342662448,0,0,1,0,0,0
Jurassic Park,5.6742271407891565,3,3.6163704722912695,4,2.130333768495006,0,1,0,0,0,0
Avatar,6.931681215551307,2,3.5427009694481106,0,1.7708520116421442,0,1,0,0,0,0
The Lion King,5.990007901122043,4,3.498172660636544,4,2.1271047983648077,1,0,0,0,0,0
Star Wars,1.4771212547196624,1,3.4391747398434687,3,1.8260748027008264,0,0,0,1,0,0
Frozen,6.9878143108743025,0,3.452246574520437,3,2.12057393120585,0,0,0,0,1,0
Inception,5.847407299652442,3,3.273695587930092,1,2.0644579892269186,0,0,0,0,0,1
The Dark Knight,6.02442696419415,1,3.4496326504700745,1,1.9395192526186185,0,0,0,1,0,0
Harry Potter,4.8464793790401135,3,3.1156105116742996,1,1.1760912590556813,1,0,0,0,0,0
Toy Story,6.86855798226851,2,3.628695382714023,2,2.2329961103921536,0,0,1,0,0,0
Finding Nemo,6.939365475166261,4,3.308350948586726,1,2.0,0,0,0,0,0,1
Black Panther,5.848585037676085,3,3.3586960995738107,4,2.060697840353612,0,0,0,0,0,1
The Godfather,6.967674268286079,4,3.377124042346456,3,2.2329961103921536,0,0,0,1,0,0
Spider-Man,6.958248104680409,0,2.912753303671323,2,1.7993405494535817,0,0,0,1,0,0
Shrek,6.87474701004779,0,2.546542663478131,1,2.0530784434834195,0,1,0,0,0,0
Iron Man,6.914299566789039,2,2.857935264719429,0,0.9030899869919435,0,1,0,0,0,0
Captain America,6.959693251360328,1,3.589502796263764,1,2.130333768495006,0,1,0,0,0,0
Batman Begins,6.753952473317814,0,3.449478399187365,0,2.060697840353612,0,0,1,0,0,0
Wonder Woman,6.834390371953558,2,3.562887381293879,4,1.863322860120456,0,0,1,0,0,0
Guardians of the Galaxy,6.169863037928849,2,3.513350798805957,1,1.6127838567197355,0,0,0,1,0,0
Coco,6.446439610718681,0,3.117602691690084,3,2.03342375548695,0,0,0,0,0,1
Pirates of the Caribbean,5.926234374126505,4,3.6487502126980194,1,1.9395192526186185,0,0,1,0,0,0
X-Men,6.979164077174882,2,2.6875289612146345,2,1.462397997898956,0,0,1,0,0,0
The Matrix,6.285425650570493,3,3.48826861549546,4,2.1818435879447726,0,0,1,0,0,0
Forrest Gump,6.897956425480931,0,3.650793039651931,3,2.1271047983648077,0,1,0,0,0,0
Jaws,6.881470023484464,3,2.113943352306837,4,2.0211892990699383,0,0,0,1,0,0
Interstellar,6.857339855247644,3,3.594060901270418,1,2.1958996524092336,0,0,0,0,0,1
Deadpool,3.9023836844324715,3,1.9637878273455553,0,1.9731278535996986,0,0,0,0,0,1
Mad Max,6.763313040069762,0,2.655138434811382,3,1.3979400086720377,0,0,0,1,0,0
The Hunger Games,6.845449366191793,4,3.5673793076509788,4,1.9344984512435677,0,0,0,1,0,0
The Avengers,6.65670866116768,3,3.2422929049829308,2,1.9084850188786497,0,0,0,0,1,0
Titanic,6.111148883055898,0,3.1386184338994925,0,1.9912260756924949,0,0,0,0,1,0
Jurassic Park,6.750068555102272,0,3.5928426831311002,2,1.5314789170422551,0,0,1,0,0,0
Avatar,6.944219745712172,3,3.3939260065858368,2,1.9590413923210936,0,0,1,0,0,0
The Lion King,5.243796780453741,0,2.287801729930226,3,2.2068258760318495,0,0,0,0,0,1
Star Wars,6.7801656066784535,1,3.388633969351789,3,1.3010299956639813,0,0,1,0,0,0
Frozen,6.2224810561529535,0,2.6503075231319366,0,2.1072099696478683,0,0,1,0,0,0
Inception,6.916316321196695,4,3.0610753236297916,2,0.3010299956639812,1,0,0,0,0,0
The Dark Knight,5.082354451330969,4,2.4913616938342726,4,1.462397997898956,1,0,0,0,0,0
Harry Potter,3.968015713993642,4,2.298853076409707,3,1.3010299956639813,0,0,0,1,0,0
Toy Story,5.9192088842704225,2,2.94546858513182,3,2.1903316981702914,0,0,0,0,0,1
Finding Nemo,6.770071052009139,2,3.601734148260105,2,0.8450980400142568,0,1,0,0,0,0
Black Panther,5.408377357065605,0,2.787460474518415,2,2.1818435879447726,0,0,0,1,0,0
The Godfather,6.809321494338586,0,2.5403294747908736,2,2.2528530309798933,0,0,0,0,1,0
Spider-Man,5.651888311598324,3,3.016615547557177,2,2.24551266781415,1,0,0,0,0,0
Shrek,6.985118945813266,1,2.3364597338485296,2,1.6434526764861874,0,1,0,0,0,0
Iron Man,6.6981343130999775,4,2.9867717342662448,4,2.0644579892269186,0,0,0,1,0,0
Captain America,6.4689655382591305,1,3.5933968423002067,4,1.0791812460476249,0,1,0,0,0,0
Batman Begins,5.9696227587420845,4,3.197831693328903,2,1.9444826721501687,0,0,0,0,0,1
Wonder Woman,6.951605785221248,3,3.140193678578631,1,1.9867717342662448,1,0,0,0,0,0
Guardians of the Galaxy,5.628408345134345,0,3.2995072987004876,3,1.863322860120456,1,0,0,0,0,0
Coco,4.786439071986559,4,3.6238692683503024,0,1.7781512503836436,0,1,0,0,0,0
Pirates of the Caribbean,6.863851366309538,4,3.2340108175871793,1,2.2430380486862944,0,0,0,0,0,1
X-Men,6.783905436449114,4,3.204662511748219,3,2.1271047983648077,0,0,0,0,1,0
The Matrix,6.9466209389561095,4,3.4488608456074408,4,1.3617278360175928,0,0,0,1,0,0
Forrest Gump,6.65906311924262,4,3.321391278311689,1,1.7853298350107671,0,0,1,0,0,0
Jaws,5.4497683462943005,2,2.8567288903828825,3,1.8260748027008264,0,0,0,0,1,0
Interstellar,5.308049784592312,0,2.9731278535996988,1,1.845098040014257,0,0,0,1,0,0
Deadpool,5.670466656094124,2,2.574031267727719,4,2.173186268412274,0,0,0,0,0,1
Mad Max,6.299236134115735,3,3.4092566520389096,2,2.0755469613925306,0,0,0,1,0,0
The Hunger Games,6.471893730478659,0,3.3100557377508912,0,1.7781512503836436,0,0,0,0,1,0
The Avengers,6.630256564448791,2,3.2038484637462346,2,2.0681858617461617,1,0,0,0,0,0
Titanic,6.909552071367025,1,3.5666731376061165,4,2.1818435879447726,0,0,0,0,1,0
Jurassic Park,6.649573557692295,4,3.081707270097349,3,2.24551266781415,0,0,1,0,0,0
Avatar,5.275571622832344,2,3.4345689040341987,3,2.0492180226701815,1,0,0,0,0,0
The Lion King,6.4432731600030975,1,2.756636108245848,1,2.220108088040055,0,0,1,0,0,0
Star Wars,4.30328247558452,4,3.3170181010481117,1,2.0755469613925306,0,0,0,1,0,0
Frozen,6.742025141332092,0,2.89707700320942,0,1.6720978579357175,1,0,0,0,0,0
Inception,4.2065830348377915,4,3.5487578285737045,1,2.0043213737826426,0,0,0,1,0,0
The Dark Knight,6.439235243008431,4,3.477555332198981,3,1.6232492903979006,0,0,1,0,0,0
Harry Potter,6.968597904630253,1,1.505149978319906,3,2.103803720955957,0,0,1,0,0,0
Toy Story,6.837885588403388,3,3.404833716619938,2,1.7160033436347992,0,0,1,0,0,0
Finding Nemo,6.853951537152386,1,3.056142262059052,4,1.2787536009528289,0,0,0,1,0,0
Black Panther,6.907127471614501,1,3.6488477083728936,2,0.3010299956639812,0,0,0,0,0,1
The Godfather,6.949013178140897,3,2.791690649020118,4,1.6020599913279623,0,0,0,1,0,0
Spider-Man,6.867156004130319,4,3.4077307280263356,0,1.4471580313422192,0,0,0,1,0,0
Shrek,6.957272267509883,1,3.0737183503461227,0,2.037426497940624,0,0,0,1,0,0
Iron Man,5.91409393495329,4,3.3932241163612975,1,0.6020599913279624,0,0,0,0,1,0
Captain America,3.462996612028056,3,3.2530955858490316,4,1.6434526764861874,0,0,1,0,0,0
Batman Begins,6.49761926887454,2,3.3310221710418286,4,2.100370545117563,0,0,1,0,0,0
Wonder Woman,5.917626800987627,2,2.7965743332104296,1,1.792391689498254,0,0,1,0,0,0
Guardians of the Galaxy,6.202802344991304,0,2.960946195733831,1,2.187520720836463,0,0,0,0,1,0
Coco,5.8768330401843825,2,3.2757719001649312,1,2.2405492482826,1,0,0,0,0,0
Pirates of the Caribbean,5.230369719280575,1,3.422917980767662,4,1.8325089127062364,0,1,0,0,0,0
X-Men,5.293386865681379,0,3.401572845676446,4,1.1760912590556813,0,0,0,0,0,1
The Matrix,5.903756117896892,3,3.5961570809161723,3,2.0569048513364727,0,1,0,0,0,0
Forrest Gump,6.217314667984993,1,3.610979379922997,1,2.0827853703164503,0,0,0,0,1,0
Jaws,5.858698373919854,3,3.6422666189026733,1,1.591064607026499,0,1,0,0,0,0
Interstellar,5.988907501049361,0,3.118595365223762,4,1.9822712330395684,0,0,0,1,0,0
Deadpool,5.805213952344386,3,3.1482940974347455,4,2.167317334748176,0,0,0,1,0,0
Mad Max,5.53076813650453,3,3.4900990050633047,2,2.1818435879447726,0,0,0,0,0,1
The Hunger Games,5.740380850520123,4,3.381295623003826,4,1.1760912590556813,1,0,0,0,0,0
The Avengers,6.034403832608689,1,3.420945405921972,4,2.173186268412274,0,0,1,0,0,0
Titanic,5.979546553759054,4,3.2137832993353044,0,1.8129133566428555,0,0,0,0,1,0
Jurassic Park,6.302953562663816,0,3.5560611590095323,3,1.919078092376074,0,1,0,0,0,0
Avatar,4.567038135497739,4,3.42845877351558,3,1.505149978319906,0,0,1,0,0,0
The Lion King,5.6258873560916545,1,2.1492191126553797,3,1.7075701760979363,1,0,0,0,0,0
Star Wars,6.858572745704608,3,3.438384107034714,3,2.0969100130080562,0,0,1,0,0,0
Frozen,6.117421449390452,0,3.594834355583318,4,1.724275869600789,0,1,0,0,0,0
Inception,6.5546127073860685,3,1.3424226808222062,2,1.8512583487190752,0,0,0,0,1,0
The Dark Knight,6.999090460758794,0,3.527887565952705,4,1.9242792860618816,0,0,0,0,0,1
Harry Potter,6.832176358535502,1,1.968482948553935,0,2.1492191126553797,0,0,0,0,1,0
Toy Story,6.770680615528234,3,3.3136563466180315,2,1.968482948553935,1,0,0,0,0,0
Finding Nemo,6.876185325040239,1,2.92272545799326,4,1.4913616938342726,1,0,0,0,0,0
Black Panther,5.814580516010318,3,2.9804578922761,2,1.2041199826559248,0,0,1,0,0,0
The Godfather,6.9080281796971486,2,2.8819549713396007,1,2.0453229787866576,0,1,0,0,0,0
Spider-Man,5.546904013911938,3,3.4712917110589387,4,0.3010299956639812,0,0,0,0,1,0
Shrek,6.971353792035027,2,3.589502796263764,2,1.6434526764861874,0,0,0,0,1,0
Iron Man,6.2478476217622,4,2.940516484932567,0,1.792391689498254,0,1,0,0,0,0
Captain America,6.877496489894538,1,3.1908917169221698,4,2.0253058652647704,0,0,1,0,0,0
Batman Begins,6.613084369246941,2,3.6049816296074315,3,1.9138138523837167,0,0,0,0,0,1
Wonder Woman,5.891365712934619,3,3.44870631990508,2,1.8195439355418688,0,0,0,0,1,0
Guardians of the Galaxy,5.796216204835859,3,3.3003780648707024,2,2.0681858617461617,0,0,0,1,0,0
Coco,6.159610199491249,2,3.4893959217271293,1,1.9242792860618816,0,0,0,0,0,1
Pirates of the Caribbean,5.995999147527459,0,3.466125870418199,3,2.113943352306837,1,0,0,0,0,0
X-Men,6.473966983297896,1,2.6866362692622934,4,1.7481880270062005,0,1,0,0,0,0
The Matrix,5.731190546542774,4,1.8808135922807914,4,1.662757831681574,0,0,0,0,0,1
Forrest Gump,6.665191170487458,1,3.609914410085998,3,2.0530784434834195,0,0,0,0,1,0
Jaws,6.905100884994664,2,2.9921114877869495,4,1.9294189257142926,0,0,1,0,0,0
Interstellar,6.7511135939313105,0,3.6283889300503116,2,2.2041199826559246,0,1,0,0,0,0
Deadpool,4.953131225183445,1,3.6506959797606107,1,1.845098040014257,0,0,1,0,0,0
Mad Max,3.5241363765925686,3,3.6049816296074315,2,2.100370545117563,1,0,0,0,0,0
The Hunger Games,6.842560628355413,0,3.4409090820652177,1,1.8195439355418688,0,0,0,0,1,0
The Avengers,6.697824737638468,1,3.545554507234065,1,2.0644579892269186,0,0,1,0,0,0
Titanic,5.897280066836166,4,3.5542468081661105,0,2.1818435879447726,0,0,0,0,1,0
Jurassic Park,6.311855961219218,2,3.098643725817057,3,2.220108088040055,0,0,0,0,1,0
Avatar,6.9764213313478605,1,3.6110857334148725,4,1.3222192947339193,1,0,0,0,0,0
The Lion King,6.664769049201567,0,1.6127838567197355,3,2.0086001717619175,1,0,0,0,0,0
Star Wars,6.382704881369709,4,2.1367205671564067,2,1.505149978319906,0,0,0,0,0,1
Frozen,5.5783881862707645,4,3.6417714706539592,3,2.0863598306747484,0,0,1,0,0,0
Inception,6.915665185632151,2,3.2830749747354715,3,1.7993405494535817,1,0,0,0,0,0
The Dark Knight,4.389821462910523,2,3.42781057267599,0,2.1398790864012365,0,0,0,0,1,0
Harry Potter,6.197999375182828,3,3.29269900304393,4,0.8450980400142568,0,0,0,0,1,0
Toy Story,5.7267060234131675,3,2.929929560084588,2,0.9030899869919435,0,1,0,0,0,0
Finding Nemo,6.901988305777342,3,3.4720246977002813,1,2.214843848047698,1,0,0,0,0,0
Black Panther,5.307198562002274,4,3.1065308538223815,1,2.0569048513364727,0,0,0,0,0,1
The Godfather,6.0479205705836385,1,3.40705081480425,4,1.505149978319906,0,0,0,0,0,1
Spider-Man,6.750437806619387,2,2.935003151453655,2,1.9444826721501687,0,0,0,0,1,0
Shrek,6.646852493994155,4,3.053462604925455,0,2.2430380486862944,0,0,0,1,0,0
Iron Man,6.92532792593853,3,3.130333768495006,0,1.6232492903979006,0,0,0,0,0,1
Captain America,6.83298528953613,2,3.5728716022004803,1,2.0170333392987803,0,1,0,0,0,0
Batman Begins,6.849422915166868,3,3.229681842317676,1,2.250420002308894,1,0,0,0,0,0
Wonder Woman,6.842388042536086,4,2.9965116721541785,2,1.5563025007672873,1,0,0,0,0,0
Guardians of the Galaxy,5.342256827627854,1,3.586249638866042,1,1.0791812460476249,0,1,0,0,0,0
Coco,4.778932277737139,4,2.4683473304121573,1,1.2787536009528289,0,1,0,0,0,0
Pirates of the Caribbean,6.955787823701598,4,3.287129620719111,4,2.1072099696478683,0,0,0,0,0,1
X-Men,4.999847970324589,4,3.130655349022031,4,1.255272505103306,0,0,1,0,0,0
The Matrix,5.9799733564776565,0,3.580696939712437,3,2.220108088040055,0,1,0,0,0,0
Forrest Gump,6.948017812838804,2,3.571475903681944,4,1.8512583487190752,0,1,0,0,0,0
Jaws,6.380164552545214,4,3.1908917169221698,4,2.220108088040055,0,0,0,0,0,1
Interstellar,5.819098226052904,0,3.5671440451956573,4,0.7781512503836436,0,1,0,0,0,0
Deadpool,6.97334319178723,4,3.5558196830611912,2,2.0492180226701815,1,0,0,0,0,0
Mad Max,6.398583156639201,2,2.380211241711606,0,1.9912260756924949,0,0,1,0,0,0
The Hunger Games,6.92435466063428,3,3.492061604512599,2,1.919078092376074,0,0,0,0,0,1
The Avengers,3.963740618857884,2,3.5939502952639875,3,1.792391689498254,0,1,0,0,0,0
Titanic,6.827242326769632,0,3.328583449714202,3,2.0755469613925306,0,0,0,1,0,0
Jurassic Park,6.9048819298558275,4,3.4872798164430687,3,1.9294189257142926,1,0,0,0,0,0
Avatar,5.764489966788116,1,2.4653828514484184,2,1.9590413923210936,0,1,0,0,0,0
The Lion King,6.789539889384653,3,3.3763944420372662,2,1.8692317197309762,0,0,0,1,0,0
Star Wars,5.915164418636853,2,3.570192561095726,3,1.9242792860618816,0,0,0,1,0,0
Frozen,5.448262525557602,2,3.6014080605346837,3,2.1367205671564067,0,0,1,0,0,0
Inception,6.654180297401588,4,3.0622058088197126,3,2.0211892990699383,0,0,0,0,1,0
The Dark Knight,6.436206233383911,0,3.3380578754197563,2,2.187520720836463,0,0,0,0,0,1
Harry Potter,5.616090937907506,1,3.413467412985825,3,2.012837224705172,0,0,0,0,0,1
Toy Story,5.612386454390432,0,3.4881274962474587,2,0.6020599913279624,0,1,0,0,0,0
Finding Nemo,6.6658266777832385,3,3.6051972673883776,4,1.2041199826559248,0,1,0,0,0,0
Black Panther,5.731939121230216,0,2.6283889300503116,0,2.2329961103921536,0,0,0,1,0,0
The Godfather,6.176747416382291,2,2.9628426812012423,3,1.7781512503836436,0,0,1,0,0,0
Spider-Man,5.210104397064885,1,3.4169731726030363,4,1.6989700043360187,0,0,0,0,0,1
Shrek,5.984509761191395,4,3.0273496077747564,3,1.5563025007672873,0,0,0,0,0,1
Iron Man,4.809020720483673,3,3.010723865391773,2,2.123851640967086,0,0,0,0,0,1
Captain America,6.774963730711296,4,3.5272431163880884,1,2.0969100130080562,0,0,0,0,0,1
Batman Begins,6.763042048819544,2,3.539452491549461,1,1.2304489213782739,0,1,0,0,0,0
Wonder Woman,6.1678254868731575,2,1.380211241711606,4,2.220108088040055,1,0,0,0,0,0
Guardians of the Galaxy,5.597162958867062,0,3.0362295440862948,3,2.0043213737826426,0,0,0,1,0,0
Coco,4.794669255342644,1,2.9916690073799486,2,1.7993405494535817,1,0,0,0,0,0
Pirates of the Caribbean,6.899904399579262,4,3.374198257929083,1,1.7993405494535817,0,0,0,0,1,0
X-Men,5.46665264326537,0,3.3201462861110542,1,1.3617278360175928,0,1,0,0,0,0
The Matrix,6.873188607398374,1,3.04883008652835,2,1.724275869600789,0,0,0,0,1,0
Forrest Gump,6.963666632835182,4,3.153204900084284,3,1.9731278535996986,1,0,0,0,0,0
Jaws,5.792108605369391,1,3.0203612826477078,1,1.9395192526186185,0,0,0,0,0,1
Interstellar,6.920476673161058,2,3.344981413927258,3,1.462397997898956,0,1,0,0,0,0
Deadpool,5.787478186003987,2,3.623456048069934,3,1.6901960800285136,1,0,0,0,0,0
Mad Max,5.804173520046361,1,3.230448921378274,1,1.99563519459755,0,0,1,0,0,0
The Hunger Games,5.729480672637239,3,3.2367890994092927,2,1.5314789170422551,0,0,1,0,0,0
The Avengers,5.973162041394091,3,3.187238619831479,0,2.1271047983648077,0,0,0,1,0,0
Titanic,4.091420728992051,3,3.649140064144219,1,2.2329961103921536,0,0,0,0,0,1
Jurassic Park,6.980959993410213,0,3.137986732723532,4,1.6020599913279623,0,1,0,0,0,0
Avatar,6.617893188164537,1,3.5369370227046737,4,2.1335389083702174,1,0,0,0,0,0
The Lion King,6.928289057995824,0,2.88024177589548,1,2.164352855784437,0,0,0,0,0,1
Star Wars,5.848305529270279,4,3.3224260524059526,0,1.7403626894942439,1,0,0,0,0,0
Frozen,6.652457246636074,3,3.5390760987927767,3,1.2304489213782739,1,0,0,0,0,0
Inception,6.603733140922829,4,3.5335178620169674,3,2.2121876044039577,0,0,0,0,0,1
The Dark Knight,6.969925257197409,4,3.019116290447073,2,1.9637878273455553,1,0,0,0,0,0
Harry Potter,5.548713635818386,4,3.2931414834509307,4,2.1172712956557644,0,0,1,0,0,0
Toy Story,6.528773796454353,1,3.116275587580544,4,2.123851640967086,0,0,0,1,0,0
Finding Nemo,6.876788343498602,0,2.7958800173440754,4,1.6020599913279623,0,0,0,0,0,1
Black Panther,6.928012602694354,3,3.624797578960761,4,1.8129133566428555,1,0,0,0,0,0
The Godfather,4.697943858029253,3,3.614053105987219,0,2.2380461031287955,0,0,0,0,0,1
Spider-Man,5.483049265903298,4,3.2062860444124324,4,2.123851640967086,0,1,0,0,0,0
Shrek,6.738430445786415,0,3.3660492098002353,2,1.8195439355418688,0,0,1,0,0,0
Iron Man,5.969884436628078,1,3.6084190513172856,1,1.0791812460476249,0,0,1,0,0,0
Captain America,5.68045155155146,4,3.3352572564345317,4,1.9637878273455553,0,0,0,0,1,0
Batman Begins,5.560816135099309,1,3.6504046698680317,3,1.255272505103306,0,0,1,0,0,0
Wonder Woman,5.809785892854301,2,3.52750101098112,1,2.0492180226701815,0,0,0,1,0,0
Guardians of the Galaxy,6.920251142478577,3,3.0136796972911926,3,1.568201724066995,0,0,0,0,1,0
Coco,5.49923193447383,2,3.6466977312993345,2,2.060697840353612,0,0,0,0,1,0
Pirates of the Caribbean,4.776214327081368,3,3.6478717653062325,1,1.3222192947339193,0,0,0,0,0,1
X-Men,6.91914082508408,1,3.614264287358705,2,1.9444826721501687,1,0,0,0,0,0
The Matrix,5.861466901793266,1,3.2317243833285163,1,1.7403626894942439,0,0,1,0,0,0
Forrest Gump,6.844493764359716,0,3.252610340567373,2,1.255272505103306,0,0,0,0,0,1
Jaws,6.381534184778631,1,3.4029488293444046,1,2.1789769472931693,0,0,0,1,0,0
Interstellar,5.0628263236310875,2,3.4750898033890065,4,2.2013971243204513,0,0,0,1,0,0
Deadpool,6.9889138720795385,1,2.7730546933642626,3,1.9242792860618816,0,1,0,0,0,0
Mad Max,6.231631401243044,3,3.5621738633646483,0,1.7708520116421442,0,0,1,0,0,0
The Hunger Games,5.956282273730203,4,3.535167485114944,4,2.2528530309798933,0,0,0,1,0,0
The Avengers,5.85026690414732,2,3.6379897807846855,3,1.968482948553935,0,0,0,1,0,0
Titanic,6.924088930304352,1,3.291812687467119,1,0.6020599913279624,0,0,1,0,0,0
Jurassic Park,6.995382660104441,0,3.089905111439398,4,1.380211241711606,0,0,0,0,1,0
Avatar,4.807480907004305,0,3.537819095073274,1,1.9294189257142926,0,0,0,0,1,0
The Lion King,6.901740276053406,4,2.4668676203541096,0,2.1492191126553797,0,0,0,0,0,1
Star Wars,6.690229847327497,1,3.6246945312720813,0,1.8325089127062364,0,0,0,1,0,0
Frozen,6.811894711201506,1,1.5563025007672873,0,2.2068258760318495,1,0,0,0,0,0
Inception,5.78321802463774,4,2.848189116991399,2,1.7403626894942439,1,0,0,0,0,0
The Dark Knight,6.838975269570308,1,3.5780658838360915,2,2.060697840353612,0,0,1,0,0,0
Harry Potter,6.834714373111469,2,2.3944516808262164,0,2.2380461031287955,0,0,0,0,1,0
Toy Story,6.9737223837097755,3,3.3188977146274867,0,2.113943352306837,0,1,0,0,0,0
Finding Nemo,5.802273485703092,4,2.635483746814912,1,2.2068258760318495,0,0,0,1,0,0
Black Panther,6.9774243876258915,3,3.5403294747908736,1,2.0681858617461617,0,0,1,0,0,0
The Godfather,6.639569455495442,2,3.634275694625944,1,0.7781512503836436,0,0,0,1,0,0
Spider-Man,6.921536500969586,3,2.9872192299080047,4,2.0086001717619175,0,1,0,0,0,0
Shrek,6.650962066193809,3,3.2013971243204513,3,2.130333768495006,0,1,0,0,0,0
Iron Man,6.936845268107099,2,2.5477747053878224,4,2.2068258760318495,0,0,1,0,0,0
Captain America,5.514965908357063,2,3.414639146737009,0,1.9590413923210936,0,0,1,0,0,0
Batman Begins,4.537264858754543,1,3.5972562829251418,4,2.2329961103921536,0,0,0,1,0,0
Wonder Woman,6.224067182833123,1,2.8721562727482928,2,1.8388490907372552,0,1,0,0,0,0
Guardians of the Galaxy,6.683390103467037,3,3.3012470886362113,1,1.9637878273455553,0,1,0,0,0,0
Coco,5.756725848095928,4,3.281714970027296,2,2.2380461031287955,0,1,0,0,0,0
Pirates of the Caribbean,6.832631455873314,4,3.430075055551939,1,1.8129133566428555,1,0,0,0,0,0
X-Men,6.980329220290611,3,3.353916230920363,0,2.1522883443830563,0,1,0,0,0,0
The Matrix,6.497739805496564,3,3.524396122103842,1,1.8195439355418688,0,0,0,1,0,0
Forrest Gump,5.938875320775166,3,2.949390006644913,4,2.173186268412274,1,0,0,0,0,0
Jaws,6.914002411767177,3,2.708420900134713,2,2.1522883443830563,1,0,0,0,0,0
Interstellar,6.873130272854842,1,3.0791812460476247,0,1.3979400086720377,0,0,0,0,1,0
Deadpool,6.989543118661155,4,3.6270584640009895,0,0.6989700043360189,1,0,0,0,0,0
Mad Max,4.666845449884052,3,2.9614210940664485,4,1.3617278360175928,0,0,0,0,1,0
The Hunger Games,6.817149119998788,4,3.4056877866727775,0,1.8920946026904804,0,0,0,0,1,0
The Avengers,6.854069332367044,2,3.639187559935754,3,2.1958996524092336,0,0,0,0,0,1
Titanic,6.418718477713583,4,3.1473671077937864,0,1.6532125137753437,0,0,0,1,0,0
Jurassic Park,5.496391287288926,4,3.4184670209466006,2,1.6812412373755872,0,0,0,0,0,1
Avatar,5.650680448164804,3,2.7693773260761385,1,1.8692317197309762,0,1,0,0,0,0
The Lion King,5.917811036143423,2,3.503790683057181,2,2.1492191126553797,0,0,0,0,0,1
Star Wars,6.694722223335001,3,3.068927611682072,2,2.146128035678238,0,0,1,0,0,0
Frozen,4.804037153146142,4,2.41161970596323,0,1.3222192947339193,0,0,0,0,0,1
Inception,6.205992093962561,0,1.5797835966168101,1,1.1760912590556813,0,0,0,1,0,0
The Dark Knight,5.896446295542353,2,3.4531653925258574,2,1.9867717342662448,0,1,0,0,0,0
Harry Potter,6.32892528893295,4,3.3459615418131414,3,1.8920946026904804,1,0,0,0,0,0
Toy Story,5.5325620241812725,3,3.5504729571065634,2,2.184691430817599,1,0,0,0,0,0
Finding Nemo,4.226702989585221,3,3.547528576459782,3,1.4771212547196624,0,1,0,0,0,0
Black Panther,6.371988329664142,0,3.250175948083925,4,2.1583624920952498,0,0,1,0,0,0
The Godfather,5.947643465856191,0,3.623352681537992,1,2.12057393120585,0,1,0,0,0,0
Spider-Man,4.175859573543703,2,3.244524511570084,2,2.1986570869544226,0,0,0,1,0,0
Shrek,6.840043079529866,3,2.7611758131557314,4,2.2095150145426308,0,0,0,0,1,0
Iron Man,5.834995778852889,2,3.448087666692341,3,1.662757831681574,0,1,0,0,0,0
Captain America,6.588084275338393,2,3.6180480967120925,2,1.954242509439325,0,0,1,0,0,0
Batman Begins,5.83807926702982,1,3.3005954838899636,3,2.0791812460476247,0,1,0,0,0,0
Wonder Woman,5.83858591667585,2,3.554125581513013,3,1.9242792860618816,0,1,0,0,0,0
Guardians of the Galaxy,5.371284031673956,3,3.5443161417474274,2,2.220108088040055,1,0,0,0,0,0
Coco,5.707168907050114,2,3.553640336231354,0,1.9444826721501687,0,0,0,0,1,0
Pirates of the Caribbean,5.533226624350704,4,3.342422680822206,1,1.8573324964312685,0,0,0,0,1,0
X-Men,5.454741226505181,4,3.639386869017684,0,1.9344984512435677,0,0,0,0,0,1
The Matrix,4.304792016492227,4,3.5110808455391185,3,1.5797835966168101,0,0,0,0,1,0
Forrest Gump,5.849298998634687,1,3.3848907965305544,1,2.1072099696478683,1,0,0,0,0,0
Jaws,6.223018032054124,1,3.346352974450639,1,1.9294189257142926,0,1,0,0,0,0
Interstellar,5.554969828105068,3,3.3998467127129226,2,1.9084850188786497,0,0,0,1,0,0
Deadpool,4.990937927660145,1,3.5711262770843115,4,2.0969100130080562,0,0,0,0,1,0
Mad Max,6.589381185724513,0,3.0770043267933502,2,0.3010299956639812,0,1,0,0,0,0
The Hunger Games,6.728595701890848,2,2.812244696800369,4,2.0086001717619175,0,1,0,0,0,0
The Avengers,6.981222458476758,1,3.523095838252568,1,1.9395192526186185,0,0,0,0,1,0
Titanic,5.978881854251845,0,3.6379897807846855,2,2.037426497940624,0,0,1,0,0,0
Jurassic Park,5.795272970751645,4,3.3705130895985924,1,2.123851640967086,0,0,1,0,0,0
Avatar,5.213557598699182,4,2.4638929889859074,0,2.1492191126553797,0,0,0,1,0,0
The Lion King,6.515390024484285,0,3.2068258760318495,4,1.7403626894942439,1,0,0,0,0,0
Star Wars,4.771866632945406,4,3.5407047833107623,4,2.167317334748176,0,0,0,1,0,0
Frozen,6.933002257399544,2,3.040602340114073,4,1.0,0,1,0,0,0,0
Inception,6.942666638719526,0,2.5514499979728753,1,1.5440680443502757,1,0,0,0,0,0
The Dark Knight,5.737366802818801,4,2.8382192219076257,4,1.99563519459755,0,0,0,1,0,0
Harry Potter,6.948310835879276,3,3.6423655808449733,0,2.1583624920952498,0,0,0,0,0,1
Toy Story,6.691692170632328,1,3.0402066275747113,4,1.6532125137753437,1,0,0,0,0,0
Finding Nemo,6.813235283359046,4,3.5490032620257876,0,1.9294189257142926,0,0,0,0,0,1
Black Panther,6.344203579892257,1,3.4169731726030363,0,2.0043213737826426,0,0,1,0,0,0
The Godfather,4.727516857776779,0,3.1699681739968923,2,1.4771212547196624,0,0,0,1,0,0
Spider-Man,6.706952783832294,2,2.92272545799326,3,2.167317334748176,0,1,0,0,0,0
Shrek,6.697101041242992,2,2.53655844257153,3,2.1271047983648077,1,0,0,0,0,0
Iron Man,6.54205545871786,2,2.8228216453031045,1,2.0170333392987803,0,0,1,0,0,0
Captain America,6.485562439926798,2,3.516667559099043,0,1.505149978319906,0,0,0,0,1,0
Batman Begins,6.63438334760235,4,3.377670439334323,3,1.3424226808222062,0,0,0,0,1,0
Wonder Woman,5.502644212956663,4,3.4537768596904423,0,1.6020599913279623,0,0,0,1,0,0
Guardians of the Galaxy,6.792587428135789,4,3.443106456737266,3,2.03342375548695,0,1,0,0,0,0
Coco,6.750320211237163,2,3.4263485737875077,2,1.380211241711606,0,1,0,0,0,0
Pirates of the Caribbean,5.518748132533966,3,3.1535099893008374,3,2.1492191126553797,0,1,0,0,0,0
X-Men,6.5160275408694694,0,2.6646419755561257,4,0.8450980400142568,0,0,0,0,1,0
The Matrix,5.966798077585092,0,3.6392872259102367,0,2.0827853703164503,1,0,0,0,0,0
Forrest Gump,2.2013971243204513,0,2.717670503002262,2,1.968482948553935,0,0,0,1,0,0
Jaws,5.968343298092696,0,2.8048206787211623,2,1.724275869600789,0,0,0,0,0,1
Interstellar,5.858754891756749,3,3.6160551949765862,1,1.6232492903979006,1,0,0,0,0,0
Deadpool,6.676477780219164,3,3.6370892735303304,1,2.2355284469075487,1,0,0,0,0,0
Mad Max,4.817928782102452,0,3.3895204658463776,2,1.9444826721501687,0,0,0,0,1,0
The Hunger Games,6.5141459440543015,2,2.7634279935629373,1,2.1931245983544616,0,1,0,0,0,0
The Avengers,6.817411323042637,2,3.446070935701005,4,2.1335389083702174,1,0,0,0,0,0
Titanic,5.578639209968072,2,2.7810369386211318,1,1.5185139398778875,0,1,0,0,0,0
Jurassic Park,4.927939808549331,3,3.5700757053216043,3,1.863322860120456,0,0,0,1,0,0
Avatar,5.878377006541071,3,2.595496221825574,0,1.7853298350107671,0,1,0,0,0,0
The Lion King,6.774013330162454,1,1.4771212547196624,1,1.8388490907372552,0,0,0,0,0,1
Star Wars,5.181231716202818,3,2.550228353055094,0,1.7558748556724915,0,0,1,0,0,0
Frozen,6.841672250073635,3,3.5982431916536224,2,0.0,1,0,0,0,0,0
Inception,6.397125203220705,2,2.8228216453031045,1,2.103803720955957,0,0,0,0,1,0
The Dark Knight,5.836992768731428,3,2.869818207979328,2,2.155336037465062,0,0,1,0,0,0
Harry Potter,6.388326997317544,4,3.244277120801843,2,1.724275869600789,0,0,0,1,0,0
Toy Story,4.767044494243667,3,3.576916955965207,4,1.7993405494535817,0,0,0,1,0,0
Finding Nemo,6.604858344518388,3,3.395326393069351,2,1.9590413923210936,0,1,0,0,0,0
Black Panther,6.823890587055557,3,3.3100557377508912,4,1.146128035678238,0,1,0,0,0,0
The Godfather,5.538885268545926,1,3.4138025167693513,1,2.143014800254095,1,0,0,0,0,0
Spider-Man,6.804577460175986,3,3.3811150807098507,1,1.5185139398778875,1,0,0,0,0,0
Shrek,6.808339418640975,0,3.615950051656401,2,1.7160033436347992,1,0,0,0,0,0
Iron Man,6.663270374254157,3,3.6073477767684134,4,2.0086001717619175,0,0,0,1,0,0
Captain America,6.174951914318891,0,3.601734148260105,4,2.0,0,0,0,1,0,0
Batman Begins,5.489809472586984,3,2.450249108319361,3,1.6020599913279623,0,0,0,0,0,1
Wonder Woman,6.780351017269609,2,3.6136304349252404,2,1.9493900066449128,0,0,0,0,0,1
Guardians of the Galaxy,6.608647319581261,3,3.3550682063488506,1,1.1139433523068367,0,0,0,1,0,0
Coco,6.678506451711314,2,3.5644293269979834,1,1.6434526764861874,0,1,0,0,0,0
Pirates of the Caribbean,5.910014150054888,0,3.36285930295868,4,1.1760912590556813,0,0,0,0,1,0
X-Men,6.7377295313917775,0,3.6452257115354163,2,2.1522883443830563,0,1,0,0,0,0
The Matrix,6.486106160145992,1,3.2265999052073573,4,1.6901960800285136,0,0,1,0,0,0
Forrest Gump,6.878464172979555,2,3.1775364999298623,3,2.2278867046136734,0,0,1,0,0,0
Jaws,5.988657486851254,1,3.5757649805367193,0,1.4771212547196624,1,0,0,0,0,0
Interstellar,6.833771893286738,3,1.8864907251724818,1,2.2405492482826,0,0,0,0,0,1
Deadpool,5.9862094739886755,1,3.5240064455573727,3,2.2405492482826,0,0,0,0,0,1
Mad Max,6.800462405357836,0,3.4834446480985353,2,2.184691430817599,0,0,0,0,0,1
The Hunger Games,6.2490894642789,4,3.329194415088451,1,2.103803720955957,0,0,0,0,0,1
The Avengers,5.988635196958769,0,3.237292337567459,0,1.1139433523068367,0,0,1,0,0,0
Titanic,6.517088168997858,0,3.455758203104137,3,1.7853298350107671,0,0,0,0,1,0
Jurassic Park,4.87559367147926,3,3.1225435240687545,1,2.0644579892269186,0,0,0,0,0,1
Avatar,5.528105173844491,1,3.545554507234065,1,1.7558748556724915,0,0,0,1,0,0
The Lion King,5.322700887681893,0,3.021602716028242,3,1.99563519459755,0,0,0,0,1,0
Star Wars,6.852699159445863,3,3.610021024664145,1,2.012837224705172,0,0,0,1,0,0
Frozen,6.7560676548592244,3,3.2247919564926817,4,1.8864907251724818,0,1,0,0,0,0
Inception,6.922716273890979,0,3.583425500406507,0,2.0170333392987803,0,0,1,0,0,0
The Dark Knight,6.106522697980882,0,2.7505083948513462,4,1.7634279935629373,1,0,0,0,0,0
Harry Potter,6.5291240328189994,4,3.336059277866349,1,2.100370545117563,0,0,1,0,0,0
Toy Story,6.643312001515042,3,3.422753941301348,1,2.1903316981702914,0,0,0,0,0,1
Finding Nemo,6.267583291450297,3,1.505149978319906,4,1.5440680443502757,0,0,0,0,0,1
Black Panther,5.530795003681495,1,3.4032921451582543,3,2.2121876044039577,0,0,0,0,0,1
The Godfather,6.956387300088362,1,2.808885867359812,4,2.2227164711475833,1,0,0,0,0,0
Spider-Man,5.890426049209795,2,2.9921114877869495,4,1.7323937598229686,0,0,0,0,1,0
Shrek,4.686090824757442,2,3.3330440298234874,1,1.2041199826559248,1,0,0,0,0,0
Iron Man,6.860648790291478,3,3.230448921378274,2,2.214843848047698,1,0,0,0,0,0
Captain America,6.605060888936282,0,3.6035773681514667,0,2.184691430817599,1,0,0,0,0,0
Batman Begins,6.919194499089996,3,1.863322860120456,0,1.3424226808222062,1,0,0,0,0,0
Wonder Woman,6.566010058722302,2,3.610234175334389,2,1.9294189257142926,1,0,0,0,0,0
Guardians of the Galaxy,6.958199333781125,0,2.0086001717619175,4,1.9822712330395684,0,0,0,1,0,0
Coco,4.740417959820268,0,2.9647309210536292,0,1.724275869600789,0,0,1,0,0,0
Pirates of the Caribbean,4.729156687108195,1,3.3012470886362113,0,2.2430380486862944,1,0,0,0,0,0
X-Men,6.803463807555855,1,3.411788004543869,2,1.9395192526186185,0,0,1,0,0,0
The Matrix,6.146147888686488,1,3.0711452904510828,3,2.1958996524092336,1,0,0,0,0,0
Forrest Gump,6.698709436353621,0,3.5212688755983854,0,1.7403626894942439,1,0,0,0,0,0
Jaws,6.2360371823554,1,3.41077723337721,3,1.6812412373755872,0,0,0,0,0,1
Interstellar,5.782255422620422,4,2.401400540781544,1,2.1931245983544616,0,0,0,0,1,0
Deadpool,6.321021680695161,3,3.1687920203141817,4,2.0863598306747484,0,0,0,1,0,0
Mad Max,6.697376175747894,1,3.2065560440990297,4,2.1335389083702174,0,0,1,0,0,0
The Hunger Games,4.580696939712436,1,3.3760291817281805,1,1.9777236052888478,0,0,0,0,0,1
The Avengers,4.88417773986791,3,2.725094521081469,4,2.1702617153949575,0,1,0,0,0,0
Titanic,5.527466204151468,0,1.7781512503836436,4,2.089905111439398,0,0,1,0,0,0
Jurassic Park,5.845321334048547,0,3.3900514964589874,3,2.1271047983648077,0,1,0,0,0,0
Avatar,6.979360185184658,2,3.648652695131223,0,1.9867717342662448,0,0,0,1,0,0
The Lion King,6.764892388943742,0,3.3113299523037933,4,2.123851640967086,0,0,1,0,0,0
Star Wars,6.917009752888245,3,3.6492374723496073,2,2.2095150145426308,1,0,0,0,0,0
Frozen,6.655701787352959,3,3.0831441431430524,0,1.7323937598229686,0,0,0,0,1,0
Inception,6.990150264319636,0,3.374381698050882,3,1.9912260756924949,0,1,0,0,0,0
The Dark Knight,6.889787112460177,2,3.1869563354654122,1,2.0863598306747484,0,1,0,0,0,0
Harry Potter,6.888397878451531,2,3.5009222391903005,3,2.1335389083702174,0,0,0,0,0,1
Toy Story,6.877302913178184,2,2.6532125137753435,1,2.1492191126553797,1,0,0,0,0,0
Finding Nemo,5.926176209698367,1,3.5077209766856137,2,2.24551266781415,0,1,0,0,0,0
Black Panther,3.973497308732063,4,2.406540180433955,4,1.7558748556724915,0,0,0,0,0,1
The Godfather,5.688875236365484,1,3.4307198878632823,4,1.2041199826559248,0,0,0,1,0,0
Spider-Man,6.923863819150001,4,3.2727695865517594,2,2.0791812460476247,1,0,0,0,0,0
Shrek,6.673825588432319,2,3.6021685513789974,0,0.7781512503836436,0,0,0,0,0,1
Iron Man,5.785362583851675,0,3.3592661646067485,2,1.9731278535996986,1,0,0,0,0,0
Captain America,5.969697273840114,2,3.5174598265402324,4,1.6434526764861874,0,0,0,1,0,0
Batman Begins,3.245018870737753,0,3.044147620878723,0,2.2430380486862944,0,0,0,0,1,0
Wonder Woman,6.807358027150226,1,2.9763499790032735,2,1.0413926851582251,0,0,0,0,0,1
Guardians of the Galaxy,5.812121551169239,3,3.2833012287035497,1,2.2041199826559246,0,0,1,0,0,0
Coco,6.966531718360316,4,3.425371166438941,0,1.2041199826559248,0,0,0,1,0,0
Pirates of the Caribbean,6.985265032046055,0,2.841359470454855,1,1.99563519459755,0,0,0,0,0,1
X-Men,5.072180022431565,0,3.0909630765957314,1,1.8692317197309762,0,1,0,0,0,0
The Matrix,5.977769775195304,1,3.6377898293622293,4,1.6232492903979006,0,0,1,0,0,0
Forrest Gump,6.193555894667046,4,3.0546130545568877,1,2.0453229787866576,0,0,0,1,0,0
Jaws,5.557219582084225,2,2.814913181275074,3,1.724275869600789,0,0,1,0,0,0
Interstellar,6.512553394526042,2,3.4219328132785085,0,2.1789769472931693,0,0,0,0,1,0
Deadpool,6.708245532146372,1,3.34143452457814,0,1.7075701760979363,0,0,0,0,0,1
Mad Max,6.184242427828114,1,3.1414497734004674,4,2.2528530309798933,0,1,0,0,0,0
The Hunger Games,5.664159471542245,1,3.631849462159818,1,2.060697840353612,0,0,1,0,0,0
The Avengers,5.829299912418473,0,3.1020905255118367,4,0.6020599913279624,1,0,0,0,0,0
Titanic,5.956896128477045,4,3.6019514041335214,1,1.8692317197309762,0,0,1,0,0,0
Jurassic Park,6.9335457466327854,2,3.6261349786353887,0,1.1760912590556813,0,1,0,0,0,0
Avatar,6.5614498724957615,2,3.497620649781288,1,2.1367205671564067,1,0,0,0,0,0
The Lion King,5.858640044610263,4,3.5289167002776547,2,2.123851640967086,0,0,0,1,0,0
Star Wars,4.991500746549423,0,3.4387005329007363,3,0.8450980400142568,0,0,0,0,1,0
Frozen,6.868371552275745,3,3.5521813388393357,4,1.380211241711606,0,0,0,1,0,0
Inception,5.206604626221114,0,3.652343055062715,4,1.5797835966168101,0,0,0,1,0,0
The Dark Knight,5.932177876892068,4,2.2121876044039577,1,2.0170333392987803,1,0,0,0,0,0
Harry Potter,6.05946344672435,1,3.0572856444182146,4,2.1760912590556813,0,1,0,0,0,0
Toy Story,6.879536146756562,2,3.2081725266671217,3,2.0170333392987803,0,0,1,0,0,0
Finding Nemo,6.713382586077598,3,2.9813655090785445,0,0.6020599913279624,0,0,0,0,1,0
Black Panther,6.779057834186572,3,3.288696260590256,2,2.110589710299249,0,0,1,0,0,0
The Godfather,6.631641997462513,3,3.3854275148051305,3,1.9822712330395684,0,0,0,1,0,0
Spider-Man,5.853542470426802,4,3.5444401373176926,4,1.8864907251724818,1,0,0,0,0,0
Shrek,5.833365161001679,0,3.345569756056392,2,2.0,0,1,0,0,0,0
Iron Man,5.670626158173298,0,3.486005186362242,0,1.7558748556724915,0,0,0,1,0,0
Captain America,5.911280685808185,4,2.833784374656479,0,0.3010299956639812,0,0,1,0,0,0
Batman Begins,6.854204228811669,4,3.020775488193558,3,1.9444826721501687,0,0,0,0,1,0
Wonder Woman,6.499176073778096,3,3.3723595825243238,0,1.6232492903979006,0,1,0,0,0,0
Guardians of the Galaxy,6.349409641710071,0,2.7259116322950483,4,1.414973347970818,0,0,0,0,1,0
Coco,6.816648152691787,3,3.394976719554564,2,0.8450980400142568,0,1,0,0,0,0
Pirates of the Caribbean,6.771612097552691,2,3.5844443071651764,3,2.1335389083702174,0,0,1,0,0,0
X-Men,5.893026222311897,4,2.9590413923210934,0,0.3010299956639812,0,0,0,1,0,0
The Matrix,6.598860841458296,2,3.539452491549461,1,2.0043213737826426,0,0,0,0,0,1
Forrest Gump,6.907409802041594,4,3.2706788361447066,1,2.1398790864012365,0,0,1,0,0,0
Jaws,6.676049095757534,2,2.8407332346118066,1,0.0,1,0,0,0,0,0
Interstellar,5.919733748144242,4,3.376576957056512,2,1.8808135922807914,0,0,0,1,0,0
Deadpool,5.905427787977938,4,3.2513948500401044,2,2.2329961103921536,0,0,0,0,1,0
Mad Max,5.416002741251436,1,3.168202746842631,1,1.8920946026904804,0,0,0,0,0,1
The Hunger Games,6.728658817481124,3,3.2030328870147105,2,1.9395192526186185,1,0,0,0,0,0
The Avengers,5.55435709502074,3,2.8825245379548803,2,1.7853298350107671,0,0,0,0,0,1
Titanic,6.893513760695248,3,3.634275694625944,1,0.6989700043360189,0,0,1,0,0,0
Jurassic Park,5.54765411964221,2,3.5286596452349897,1,0.0,0,1,0,0,0,0
Avatar,5.759872481347902,1,3.5424519473759766,2,1.8195439355418688,0,1,0,0,0,0
The Lion King,4.387674516274786,2,2.367355921026019,1,1.0791812460476249,0,0,0,0,1,0
Star Wars,5.950660288340779,3,3.490800952010855,2,1.7781512503836436,0,0,0,0,0,1
Frozen,6.819630588386364,3,3.5705429398818973,2,1.9242792860618816,0,1,0,0,0,0
Inception,6.4343331714453464,1,3.6340740254874686,4,1.9493900066449128,1,0,0,0,0,0
The Dark Knight,5.845206600065292,4,3.3967222785037734,0,2.250420002308894,0,0,0,1,0,0
Harry Potter,5.669321530375074,0,3.5841049703994527,4,1.0791812460476249,1,0,0,0,0,0
Toy Story,6.29226249709464,1,1.7708520116421442,2,1.8512583487190752,0,0,0,1,0,0
Finding Nemo,4.893545392909247,4,3.2068258760318495,1,1.8388490907372552,0,0,0,1,0,0
Black Panther,4.404286229019032,1,3.461348433647983,2,1.724275869600789,0,0,0,0,1,0
The Godfather,6.976010069058494,2,3.585347911094591,2,1.380211241711606,0,0,1,0,0,0
Spider-Man,6.934862853190076,1,3.5052856741441323,4,2.1789769472931693,0,0,0,1,0,0
Shrek,6.870824475566695,3,3.530199698203082,0,2.03342375548695,0,0,0,0,0,1
Iron Man,4.484996998487247,3,3.607776603741693,1,2.100370545117563,1,0,0,0,0,0
Captain America,6.599327627575279,0,2.9836262871245345,1,1.8573324964312685,0,1,0,0,0,0
Batman Begins,5.854473653197053,0,3.1983821300082944,4,1.9344984512435677,0,0,0,1,0,0
Wonder Woman,6.67504234971592,1,3.143014800254095,0,1.7160033436347992,0,0,0,1,0,0
Guardians of the Galaxy,6.260855273664261,1,2.8208579894397,4,2.230448921378274,1,0,0,0,0,0
Coco,5.431900670499993,4,3.4983105537896004,3,1.9138138523837167,0,0,0,0,1,0
Pirates of the Caribbean,5.144726728706857,4,3.151676230847048,0,1.591064607026499,0,0,1,0,0,0
X-Men,5.780426052201902,1,3.188647295999717,4,1.2041199826559248,1,0,0,0,0,0
The Matrix,6.566411916977293,3,3.2643455070500926,3,1.7708520116421442,0,1,0,0,0,0
Forrest Gump,6.8858131487007626,3,3.563243701140398,4,0.3010299956639812,0,0,0,1,0,0
Jaws,6.976576422645527,1,2.2013971243204513,4,1.968482948553935,1,0,0,0,0,0
Interstellar,5.729045666474866,1,2.515873843711679,3,2.225309281725863,0,0,1,0,0,0
Deadpool,6.349564242046574,2,3.4586378490256493,1,2.110589710299249,0,0,1,0,0,0
Mad Max,6.963573459562649,3,2.8041394323353503,2,1.8573324964312685,0,1,0,0,0,0
The Hunger Games,5.38609391081451,4,3.3637999454791094,0,2.1072099696478683,0,0,1,0,0,0
The Avengers,6.971015193844673,0,3.0678145111618402,1,1.3617278360175928,0,1,0,0,0,0
Titanic,4.53692440868234,2,3.5246557123577773,1,1.3424226808222062,1,0,0,0,0,0
Jurassic Park,5.485087973431583,0,3.4194600727860704,3,2.0492180226701815,0,0,0,0,1,0
Avatar,4.571697188368912,3,1.8976270912904414,4,2.2174839442139063,0,0,0,1,0,0
The Lion King,6.875644505457379,3,2.9489017609702137,4,1.6127838567197355,0,1,0,0,0,0
Star Wars,6.7539686208522545,3,2.932473764677153,4,2.2329961103921536,0,1,0,0,0,0
Frozen,3.730862992046494,2,2.949877704036875,1,0.8450980400142568,0,0,0,0,1,0
Inception,5.79516301361933,3,3.488973524726508,1,2.0086001717619175,1,0,0,0,0,0
The Dark Knight,5.64450259640922,2,3.5961570809161723,4,1.9867717342662448,1,0,0,0,0,0
Harry Potter,6.938475342815966,3,3.6238692683503024,1,2.1522883443830563,0,1,0,0,0,0
Toy Story,5.448469789115118,0,2.967547976218862,0,1.6989700043360187,0,0,0,0,1,0
Finding Nemo,5.839682262315286,3,3.3273589343863303,2,1.9493900066449128,0,0,0,0,0,1
Black Panther,6.320289434238427,1,3.621384028481653,3,1.9294189257142926,0,0,0,0,0,1
The Godfather,6.807080336806567,4,3.3916407034923877,4,1.4313637641589874,0,1,0,0,0,0
Spider-Man,4.401055725771844,3,3.246498580795801,2,2.2355284469075487,0,1,0,0,0,0
Shrek,6.91118686268359,3,3.64777405026883,0,2.041392685158225,0,0,1,0,0,0
Iron Man,6.504728779923915,4,3.629511534200453,3,2.0863598306747484,0,1,0,0,0,0
Captain America,6.531326504031494,2,3.499412125672275,0,2.0170333392987803,0,0,1,0,0,0
Batman Begins,6.321940429525886,1,3.62096843564429,3,2.12057393120585,0,0,1,0,0,0
Wonder Woman,5.53961674745199,3,3.625826713285711,3,1.8976270912904414,0,1,0,0,0,0
Guardians of the Galaxy,6.6877334862597415,4,3.5200903281128424,2,1.9637878273455553,0,0,0,0,1,0
Coco,6.844416718242942,2,3.5542468081661105,3,2.225309281725863,1,0,0,0,0,0
Pirates of the Caribbean,5.930381990856902,2,3.6483600109809315,0,1.662757831681574,0,0,0,0,0,1
X-Men,5.821430984958134,2,3.141136090120739,1,2.2528530309798933,0,0,0,1,0,0
The Matrix,5.53338307759359,4,3.3654879848909,4,2.220108088040055,0,0,1,0,0,0
Forrest Gump,6.945070545705663,2,3.4058583993176366,3,2.0791812460476247,0,0,0,0,0,1
Jaws,4.7496590320948995,1,3.3273589343863303,1,1.724275869600789,0,0,0,0,0,1
Interstellar,6.921442005518748,1,3.024074987307426,0,2.1398790864012365,0,1,0,0,0,0
Deadpool,6.895353141782881,1,2.7788744720027396,1,0.47712125471966244,0,0,0,1,0,0
Mad Max,6.783659291364354,2,3.467312062980552,1,2.230448921378274,0,1,0,0,0,0
The Hunger Games,5.567607390530444,3,3.390758528738717,4,2.1958996524092336,0,0,0,0,0,1
The Avengers,5.789120793394647,1,3.6298171960185157,0,2.1986570869544226,0,0,0,0,0,1
Titanic,5.817833663473929,1,2.859138297294531,1,1.845098040014257,0,0,0,1,0,0
Jurassic Park,6.6791904234388575,4,3.469527479187014,3,2.143014800254095,0,0,0,0,0,1
Avatar,5.626199686568479,0,3.3001605369513523,4,1.9912260756924949,0,0,0,0,0,1
The Lion King,5.793253119292552,1,3.566201718854913,0,2.2355284469075487,0,0,1,0,0,0
Star Wars,5.843448314118226,1,3.522574632691177,0,2.164352855784437,0,0,0,0,0,1
Frozen,5.8868881765095145,1,2.4653828514484184,0,1.8976270912904414,0,0,0,0,0,1
Inception,6.9058509594422475,4,2.2576785748691846,1,2.0718820073061255,0,0,0,0,0,1
The Dark Knight,6.879040857731032,1,2.2648178230095364,0,1.9084850188786497,0,0,1,0,0,0
Harry Potter,6.7141855299086695,4,2.2810333672477277,1,1.9731278535996986,0,1,0,0,0,0
Toy Story,4.240224654122278,1,3.2995072987004876,0,2.037426497940624,1,0,0,0,0,0
Finding Nemo,5.953369182577812,3,3.3656751404559175,4,2.24551266781415,0,0,0,0,0,1
Black Panther,5.836267134558677,4,3.002166061756508,2,2.2013971243204513,0,0,0,0,1,0
The Godfather,4.997207211891811,0,3.590395947184013,2,2.1702617153949575,0,0,0,0,0,1
Spider-Man,5.768471602115114,1,3.490660653356137,0,1.863322860120456,1,0,0,0,0,0
Shrek,6.815350580798511,3,3.290479813330673,2,1.8129133566428555,0,0,0,0,1,0
Iron Man,5.937682351163382,2,3.6340740254874686,4,2.0492180226701815,0,0,0,0,0,1
Captain America,6.422460155849807,4,2.734799829588847,3,1.568201724066995,0,0,1,0,0,0
Batman Begins,6.6759556881840485,3,3.4992745818922173,2,1.1760912590556813,1,0,0,0,0,0
Wonder Woman,6.458622289675059,2,3.3392526340327,2,0.9542425094393249,0,0,0,0,0,1
Guardians of the Galaxy,6.585171968706012,3,3.3554515201265174,1,1.462397997898956,0,1,0,0,0,0
Coco,5.342104739872408,2,3.502563669107363,2,1.845098040014257,0,1,0,0,0,0
Pirates of the Caribbean,6.714170517190952,4,3.279210512601395,4,1.863322860120456,0,0,0,1,0,0
X-Men,6.434327739782899,1,3.406540180433955,1,1.0413926851582251,1,0,0,0,0,0
The Matrix,6.587088591626848,1,3.6080979463252794,2,1.9444826721501687,0,0,0,1,0,0
Forrest Gump,6.637131839515036,2,3.1202447955463652,4,1.7781512503836436,0,0,0,0,0,1
Jaws,5.814947098815183,4,3.2626883443016963,0,1.9444826721501687,0,0,0,0,1,0
Interstellar,5.622896541421302,1,3.596047007545439,4,1.8864907251724818,1,0,0,0,0,0
Deadpool,5.7317772677017045,1,2.9410142437055695,2,2.130333768495006,1,0,0,0,0,0
Mad Max,6.950486702649915,4,2.3979400086720375,3,2.1760912590556813,0,0,0,0,0,1
The Hunger Games,5.772614316738353,4,3.515873843711679,1,1.7558748556724915,1,0,0,0,0,0
The Avengers,6.826545789142195,0,3.533772058384718,2,1.1139433523068367,0,1,0,0,0,0
Titanic,6.696181237494887,1,3.647480773173676,2,2.0681858617461617,0,0,1,0,0,0
Jurassic Park,6.422673047035903,1,2.824125833916549,0,1.7781512503836436,0,0,0,0,0,1
Avatar,6.125477361912425,1,3.303196057420489,4,1.662757831681574,0,0,0,1,0,0
The Lion King,5.095622595021622,3,3.375114684692225,4,1.6232492903979006,1,0,0,0,0,0
Star Wars,6.69153067935293,2,3.5246557123577773,4,1.9344984512435677,0,0,0,1,0,0
Frozen,4.871765523454981,1,3.1806992012960347,4,2.2227164711475833,0,0,0,1,0,0
Inception,5.728612658008348,3,3.3287872003545345,4,1.954242509439325,0,0,1,0,0,0
The Dark Knight,4.930582297205298,3,3.498034723687027,4,2.123851640967086,0,0,0,1,0,0
Harry Potter,6.10930175205349,1,3.090258052931316,1,1.7558748556724915,0,0,1,0,0,0
Toy Story,5.704426798157185,0,3.5764565324056203,0,2.1398790864012365,0,0,0,0,1,0
Finding Nemo,6.8190020455529154,3,2.093421685162235,1,2.03342375548695,0,0,0,0,1,0
Black Panther,5.02473599217207,4,3.458033192496506,2,2.100370545117563,0,0,0,1,0,0
The Godfather,5.5884700360616755,3,3.440279213235588,0,2.2329961103921536,1,0,0,0,0,0
Spider-Man,6.976558546189132,1,3.2335037603411343,2,1.8195439355418688,0,0,0,0,0,1
Shrek,5.1352758017868725,3,3.2785249647370174,4,2.2227164711475833,0,0,0,0,0,1
Iron Man,6.693872773537155,2,3.1277525158329733,3,2.1789769472931693,1,0,0,0,0,0
Captain America,3.637489729512511,4,3.5768018958289125,4,2.1789769472931693,1,0,0,0,0,0
Batman Begins,5.746042283551939,2,3.651859269246949,0,1.4471580313422192,0,1,0,0,0,0
Wonder Woman,5.284460061832234,4,3.372175286115064,0,1.0791812460476249,0,0,0,0,1,0
Guardians of the Galaxy,5.410689522334014,0,3.1020905255118367,4,1.662757831681574,0,0,0,1,0,0
Coco,6.8859562141680435,4,2.5538830266438746,2,2.0453229787866576,0,0,0,0,0,1
Pirates of the Caribbean,6.842379177325717,3,2.884228769632604,0,2.0492180226701815,0,0,1,0,0,0
X-Men,5.082745887205199,1,3.3027637084729817,4,1.7993405494535817,0,0,1,0,0,0
The Matrix,5.884890479312164,3,3.4915017662373264,1,2.220108088040055,0,0,0,0,1,0
Forrest Gump,6.932338939961929,3,2.9965116721541785,2,1.568201724066995,0,0,0,0,0,1
Jaws,6.875154192467771,2,3.323870606540509,1,1.2787536009528289,0,0,1,0,0,0
Interstellar,6.86312702650287,0,2.4265112613645754,4,2.173186268412274,0,0,1,0,0,0
Deadpool,5.208892616176848,2,2.9095560292411755,4,2.2095150145426308,1,0,0,0,0,0
Mad Max,6.841405901186855,1,3.56062387454993,1,2.184691430817599,0,0,0,1,0,0
The Hunger Games,6.953008664957034,0,3.556423121371285,0,1.9395192526186185,0,0,0,0,1,0
The Avengers,6.087131263756511,2,3.5678494505731067,3,2.1492191126553797,0,0,0,0,1,0
Titanic,6.608519829325994,3,3.2538224387080734,2,2.2041199826559246,1,0,0,0,0,0
Jurassic Park,6.4701344483774355,2,3.172310968521954,0,2.0211892990699383,0,0,1,0,0,0
Avatar,6.891411499583841,1,3.6067037413336744,0,1.9777236052888478,1,0,0,0,0,0
The Lion King,6.809180399853279,4,3.3619166186686433,0,2.230448921378274,1,0,0,0,0,0
Star Wars,5.560648956840245,4,3.104145550554008,3,0.8450980400142568,0,1,0,0,0,0
Frozen,6.848742135994694,4,3.5673793076509788,0,1.8129133566428555,0,0,0,0,1,0
Inception,6.539108983430472,4,3.61689542640076,2,1.724275869600789,0,0,0,1,0,0
The Dark Knight,6.539093294505529,4,3.608312042697327,1,2.0791812460476247,0,0,1,0,0,0
Harry Potter,4.272908612690247,3,1.5185139398778875,2,1.7781512503836436,0,0,0,1,0,0
Toy Story,5.919062394701467,2,3.641275757231913,4,1.9731278535996986,0,1,0,0,0,0
Finding Nemo,6.525520843934304,1,3.630834517828051,4,2.164352855784437,0,0,1,0,0,0
Black Panther,5.309040062918693,3,3.6481647785740012,0,2.225309281725863,0,1,0,0,0,0
The Godfather,4.170584381939194,1,3.5390760987927767,2,1.8920946026904804,0,0,0,0,0,1
Spider-Man,6.388284014570185,1,3.416141031168329,0,1.5797835966168101,0,0,0,1,0,0
Shrek,6.136434218822364,0,3.6074550232146687,2,2.0644579892269186,0,0,1,0,0,0
Iron Man,6.132934947012448,2,3.470410490975931,3,2.1818435879447726,0,0,1,0,0,0
Captain America,6.583464258779479,3,3.6246945312720813,0,2.110589710299249,0,0,0,0,0,1
Batman Begins,6.975556701914534,3,3.2933625547114453,0,2.0644579892269186,1,0,0,0,0,0
Wonder Woman,4.695954239899968,1,3.490520309363349,2,1.9294189257142926,0,0,0,0,0,1
Guardians of the Galaxy,5.932276866943479,4,1.4913616938342726,1,1.8129133566428555,0,0,1,0,0,0
Coco,6.835066704979343,0,2.9030899869919438,1,1.9030899869919435,1,0,0,0,0,0
Pirates of the Caribbean,6.676998057608097,4,3.4424797690644486,3,1.9637878273455553,0,0,0,1,0,0
X-Men,6.473008033268817,4,2.8836614351536176,3,1.9590413923210936,0,0,0,0,1,0
The Matrix,6.857902796830948,0,3.6033609243483804,0,1.9030899869919435,0,0,0,1,0,0
Forrest Gump,6.80056766077767,3,3.589279221235967,4,1.6989700043360187,0,1,0,0,0,0
Jaws,6.685954625030446,4,3.1781132523146316,1,0.9542425094393249,1,0,0,0,0,0
Interstellar,6.835430233792465,1,3.2489536154957075,4,1.380211241711606,0,0,0,0,1,0
Deadpool,5.413782417832301,1,3.5122840632818537,4,1.9731278535996986,0,0,0,1,0,0
Mad Max,6.328953390080684,3,3.481729196960016,4,1.9912260756924949,0,0,0,0,0,1
The Hunger Games,6.768820806825934,2,3.6135247028536526,3,1.9777236052888478,0,0,0,0,1,0
The Avengers,6.954357099808707,2,2.978180516937414,0,1.724275869600789,0,0,1,0,0,0
Titanic,6.78492482680726,3,3.6364878963533656,1,1.8129133566428555,0,0,0,0,0,1
Jurassic Park,6.224734754227193,2,3.3754807146185724,2,1.8692317197309762,0,0,0,0,0,1
Avatar,5.8367221420463355,2,3.0707764628434346,4,1.9912260756924949,1,0,0,0,0,0
The Lion King,5.9429461079700125,3,3.6268534146667255,4,1.9444826721501687,0,0,1,0,0,0
Star Wars,4.873006540467324,0,2.960470777534299,0,1.3979400086720377,0,0,0,0,1,0
Frozen,6.7464593563268656,3,3.418135498425232,4,1.2787536009528289,0,0,0,1,0,0
Inception,6.0126567230854855,3,3.522574632691177,1,1.4913616938342726,0,0,0,0,0,1
The Dark Knight,5.481160173592208,3,3.3573630306151427,0,2.2174839442139063,0,1,0,0,0,0
Harry Potter,6.610283504805823,2,3.648652695131223,4,1.7708520116421442,0,0,0,0,1,0
Toy Story,6.9453290665483856,2,3.5573868820595074,2,1.6532125137753437,0,0,0,0,0,1
Finding Nemo,5.8933550098827485,2,3.538070787043172,1,1.6532125137753437,1,0,0,0,0,0
Black Panther,5.821893288111016,1,3.0909630765957314,0,1.6127838567197355,0,0,0,1,0,0
The Godfather,5.950886959674008,4,3.4847268042986617,1,2.214843848047698,1,0,0,0,0,0
Spider-Man,6.9204537758962426,0,3.1818435879447726,3,1.9731278535996986,0,0,0,0,1,0
Shrek,6.411706556174879,1,2.307496037913213,3,2.100370545117563,0,1,0,0,0,0
Iron Man,5.710317111562995,2,2.3283796034387376,1,2.1172712956557644,0,0,1,0,0,0
Captain America,5.984393629080314,2,3.5899496013257077,1,2.037426497940624,0,0,0,1,0,0
Batman Begins,6.625961760440229,4,3.470704429722788,0,2.0718820073061255,0,1,0,0,0,0
Wonder Woman,6.779582206918692,4,3.3402457615679317,0,2.2355284469075487,0,0,0,0,1,0
Guardians of the Galaxy,5.696721496975797,4,3.0755469613925306,2,2.164352855784437,0,0,0,0,1,0
Coco,6.78612820258434,0,3.2545480771089736,4,2.1271047983648077,1,0,0,0,0,0
Pirates of the Caribbean,6.861841474525928,2,3.2571984261393445,0,1.6989700043360187,0,0,0,1,0,0
X-Men,5.934187263734206,2,2.307496037913213,2,0.7781512503836436,0,0,0,0,1,0
The Matrix,5.411330079755828,3,3.2794387882870204,1,1.6020599913279623,1,0,0,0,0,0
Forrest Gump,5.536764178717978,3,3.30362797638389,3,2.167317334748176,0,0,0,0,1,0
Jaws,6.547012237193997,0,3.6469915374771222,0,1.9912260756924949,0,0,0,1,0,0
Interstellar,6.704585451750329,0,3.166726055580052,3,1.8976270912904414,0,0,0,0,1,0
Deadpool,6.154190176374559,2,3.292477593667784,3,2.0969100130080562,0,0,0,1,0,0
Mad Max,6.837193227236889,1,3.1024337056813365,1,2.220108088040055,0,0,1,0,0,0
The Hunger Games,6.818295982295368,2,3.53655844257153,3,2.2430380486862944,0,0,0,1,0,0
The Avengers,6.841202745726635,1,3.3805730030668872,3,1.7481880270062005,0,0,0,0,1,0
Titanic,6.3752393525230895,4,3.6153186566114788,4,2.1367205671564067,1,0,0,0,0,0
Jurassic Park,5.410772173606198,0,3.503790683057181,2,1.7403626894942439,0,0,1,0,0,0
Avatar,5.1443749156764875,4,2.558708570533166,4,2.2528530309798933,1,0,0,0,0,0
The Lion King,5.721559195549969,3,3.397244581010386,3,2.161368002234975,0,0,0,0,0,1
Star Wars,5.507070194399256,3,3.3040594662175993,1,2.037426497940624,0,1,0,0,0,0
Frozen,6.470543522902894,1,3.2835273648616936,1,2.0043213737826426,0,1,0,0,0,0
Inception,6.554373696220783,4,3.3624824747511743,0,2.1367205671564067,0,0,0,1,0,0
The Dark Knight,5.674091031759248,1,3.4104397862103464,4,2.1583624920952498,1,0,0,0,0,0
Harry Potter,6.66881552519572,1,1.6020599913279623,2,1.591064607026499,0,0,0,1,0,0
Toy Story,6.331171503756346,4,3.447778009294621,4,1.6232492903979006,0,0,0,0,1,0
Finding Nemo,5.613570170799058,0,3.0523090996473234,3,1.99563519459755,0,0,0,0,1,0
Black Panther,5.63182918650063,3,3.623042434246382,2,2.24551266781415,0,0,0,1,0,0
The Godfather,6.683327527106586,4,3.5114822886260013,4,2.1398790864012365,0,0,0,0,0,1
Spider-Man,6.8222459052909725,4,2.9960736544852753,4,1.9030899869919435,0,0,0,0,0,1
Shrek,6.972160286547321,1,3.604873770552636,1,2.1492191126553797,1,0,0,0,0,0
Iron Man,6.817859030478586,2,2.0,0,1.8388490907372552,0,0,1,0,0,0
Captain America,5.932093590655087,0,3.5756496147552195,0,1.9242792860618816,0,1,0,0,0,0
Batman Begins,6.9985777478957685,0,3.0965624383741357,2,0.9030899869919435,0,0,0,0,1,0
Wonder Woman,5.14742278300467,4,3.5543680009900878,1,2.0569048513364727,1,0,0,0,0,0
Guardians of the Galaxy,5.996869204976353,0,3.6001012556913907,0,2.250420002308894,1,0,0,0,0,0
Coco,4.875495340871018,4,2.9159272116971158,3,1.806179973983887,1,0,0,0,0,0
Pirates of the Caribbean,5.617245742568967,0,3.445759836488631,0,2.0253058652647704,0,0,0,1,0,0
X-Men,6.742303197408899,2,3.0464951643347082,1,2.167317334748176,0,0,0,1,0,0
The Matrix,5.825361195952634,2,2.4756711883244296,1,2.2329961103921536,0,0,1,0,0,0
Forrest Gump,6.919370070325332,2,3.452246574520437,2,2.1398790864012365,0,0,0,1,0,0
Jaws,6.131701089083694,0,3.068556895072363,0,1.9030899869919435,0,0,0,0,1,0
Interstellar,5.727103488843745,0,2.767897616018091,4,1.8260748027008264,1,0,0,0,0,0
Deadpool,5.351206672748736,2,3.395675785269936,1,2.2041199826559246,1,0,0,0,0,0
Mad Max,5.794759831338877,3,3.6027109449575576,1,1.5314789170422551,0,0,0,0,0,1
The Hunger Games,6.982108523088768,1,2.8926510338773004,2,2.123851640967086,0,1,0,0,0,0
The Avengers,6.812381521502924,1,3.315970345456918,0,2.0863598306747484,0,0,0,0,1,0
Titanic,4.6796368165011915,2,2.3636119798921444,2,2.247973266361807,1,0,0,0,0,0
Jurassic Park,6.818616319092376,1,3.4151403521958725,2,2.2068258760318495,0,0,0,1,0,0
Avatar,5.803225566779883,3,3.2345172835126865,2,1.9637878273455553,1,0,0,0,0,0
The Lion King,6.382708119917541,4,3.5199591807520685,4,1.8808135922807914,0,1,0,0,0,0
Star Wars,6.6477680889400235,4,3.4689378056654614,3,1.380211241711606,0,0,0,0,1,0
Frozen,6.4691121375453395,3,3.1189257528257768,2,2.230448921378274,1,0,0,0,0,0
Inception,6.869892635338571,1,2.9708116108725178,0,1.6127838567197355,1,0,0,0,0,0
The Dark Knight,6.001949941084268,3,3.4802944600030066,1,1.0,1,0,0,0,0,0
Harry Potter,6.189715684087592,2,3.6029277128591892,3,2.1789769472931693,0,0,0,0,0,1
Toy Story,4.657715402868895,4,3.0149403497929366,3,2.110589710299249,0,1,0,0,0,0
Finding Nemo,4.682099929070719,3,3.231979026831504,2,1.7781512503836436,0,0,0,0,1,0
Black Panther,6.936210686204735,4,3.623042434246382,3,1.9637878273455553,0,1,0,0,0,0
The Godfather,6.888096840881311,2,3.6124659639531425,2,2.1818435879447726,0,0,0,0,1,0
Spider-Man,6.607437222137756,4,3.3502480183341627,1,2.167317334748176,0,0,0,1,0,0
Shrek,4.12856080655932,2,3.470410490975931,0,1.8325089127062364,0,0,1,0,0,0
Iron Man,4.984711793055624,0,3.5550944485783194,2,2.2528530309798933,0,0,1,0,0,0
Captain America,6.325966553641291,3,3.592731766393962,4,2.1583624920952498,0,0,0,1,0,0
Batman Begins,6.97447074830525,0,3.595606434865603,3,1.5185139398778875,1,0,0,0,0,0
Wonder Woman,6.496675082445839,4,1.8920946026904804,4,1.6901960800285136,0,0,0,0,0,1
Guardians of the Galaxy,6.476069859012122,4,3.4763968267253302,2,2.037426497940624,0,1,0,0,0,0
Coco,4.689655090906269,1,3.2655253352190736,4,2.123851640967086,0,0,0,1,0,0
Pirates of the Caribbean,6.919257319592929,3,3.5277587525209717,0,2.2095150145426308,0,0,0,1,0,0
X-Men,6.312488150953703,2,3.6335694425540916,2,2.130333768495006,0,0,0,0,1,0
The Matrix,6.5968545174658075,2,3.5282737771670436,0,2.0253058652647704,0,0,1,0,0,0
Forrest Gump,6.669915645206337,1,2.569373909615046,0,1.4313637641589874,0,0,0,1,0,0
Jaws,5.985680598970724,2,3.5839917991983166,0,2.0170333392987803,0,1,0,0,0,0
Interstellar,6.8946291514605935,1,2.8790958795000727,4,1.0,0,0,0,0,0,1
Deadpool,5.556532857014417,0,3.3703280077795106,0,2.1398790864012365,0,0,0,1,0,0
Mad Max,6.964761914065832,4,2.738780558484369,2,1.9493900066449128,0,0,1,0,0,0
The Hunger Games,5.964245483566384,2,3.631139250256811,4,1.919078092376074,0,0,1,0,0,0
The Avengers,6.721845802353234,4,3.544564097496043,3,1.5314789170422551,0,0,0,0,1,0
Titanic,6.867586858239469,3,3.5374412834079476,1,1.6812412373755872,1,0,0,0,0,0
Jurassic Park,6.2636852937286625,3,3.5685537120494426,1,0.9542425094393249,0,0,0,0,0,1
Avatar,6.991322983454457,3,2.8549130223078554,0,1.8129133566428555,0,1,0,0,0,0
The Lion King,4.2987875999442355,2,3.367355921026019,0,1.5314789170422551,0,0,1,0,0,0
Star Wars,6.947057153786746,0,3.3201462861110542,0,2.0253058652647704,0,0,0,1,0,0
Frozen,5.850236249047195,2,2.90687353472207,1,1.8750612633917,0,0,0,0,1,0
Inception,6.153346183035719,1,2.6473829701146196,3,2.1271047983648077,0,1,0,0,0,0
The Dark Knight,6.833703494106221,0,3.6182573448404014,4,2.0569048513364727,0,0,0,1,0,0
Harry Potter,5.118148942897077,4,3.6449307079135873,3,1.7558748556724915,1,0,0,0,0,0
Toy Story,6.838215376903174,0,3.622628426129325,3,2.1492191126553797,0,0,0,1,0,0
Finding Nemo,5.172597093879207,2,3.250175948083925,1,2.2355284469075487,0,1,0,0,0,0
Black Panther,4.806973193751885,4,3.2400497721126476,3,1.6989700043360187,1,0,0,0,0,0
The Godfather,6.687061865844192,3,3.367355921026019,2,2.0530784434834195,0,0,1,0,0,0
Spider-Man,6.781081228647581,0,2.225309281725863,4,2.2174839442139063,0,1,0,0,0,0
Shrek,5.309576941801479,3,3.012415374762433,3,2.0863598306747484,1,0,0,0,0,0
Iron Man,5.653335064036735,3,3.514813294999285,1,2.24551266781415,0,1,0,0,0,0
Captain America,5.9937822055139875,4,2.800717078282385,1,0.6989700043360189,0,0,0,0,1,0
Batman Begins,6.89150684970433,4,2.0453229787866576,0,2.1986570869544226,1,0,0,0,0,0
Wonder Woman,5.317825242927074,0,3.475235222604128,4,1.2787536009528289,0,0,0,0,0,1
Guardians of the Galaxy,6.775525473782646,0,3.363235804483694,1,1.5185139398778875,0,0,0,0,1,0
Coco,5.055997218594276,0,3.330413773349191,3,2.0043213737826426,0,0,0,1,0,0
Pirates of the Caribbean,5.757339840207914,1,3.2467447097238415,0,2.03342375548695,0,1,0,0,0,0
X-Men,6.534724478986306,0,3.6405808064896528,1,2.164352855784437,0,1,0,0,0,0
The Matrix,6.764329939582327,2,3.4358443659844413,0,2.0492180226701815,1,0,0,0,0,0
Forrest Gump,6.906145441120326,2,3.4212747912103465,0,1.99563519459755,0,0,0,0,0,1
Jaws,5.8786108282325475,2,3.5067755366066433,3,1.5185139398778875,0,0,0,0,0,1
Interstellar,5.796067592047038,1,3.245018870737753,2,2.1172712956557644,0,0,0,1,0,0
Deadpool,5.144156835358757,1,3.6027109449575576,0,1.6020599913279623,0,0,0,1,0,0
Mad Max,5.957033275265028,1,3.229169702539101,4,2.130333768495006,1,0,0,0,0,0
The Hunger Games,6.144011283709677,2,3.500099191915723,0,1.9395192526186185,0,0,1,0,0,0
The Avengers,5.9165329040054475,4,2.8830933585756897,0,1.2787536009528289,0,0,1,0,0,0
Titanic,5.93052675075827,3,2.359835482339888,1,1.591064607026499,0,1,0,0,0,0
Jurassic Park,6.261905387073011,1,3.5120169694961265,0,1.9912260756924949,0,0,0,0,1,0
Avatar,4.183867477152165,1,2.513217600067939,1,1.863322860120456,0,1,0,0,0,0
The Lion King,6.425133650219181,0,2.0043213737826426,3,1.8195439355418688,0,1,0,0,0,0
Star Wars,6.440018495271729,3,3.1970047280230456,3,1.568201724066995,0,0,0,0,1,0
Frozen,6.812737732537614,0,3.6006462356623943,3,1.5797835966168101,0,0,0,0,0,1
Inception,6.818558285469814,0,3.2314695904306814,2,2.0718820073061255,0,0,0,0,1,0
The Dark Knight,5.9092853131006065,3,3.595606434865603,4,2.143014800254095,0,0,0,0,1,0
Harry Potter,6.681781778431995,0,3.5200903281128424,1,1.8325089127062364,0,0,1,0,0,0
Toy Story,6.399825092576918,1,3.164352855784437,3,2.0755469613925306,0,0,0,1,0,0
Finding Nemo,5.799879980304171,0,3.6370892735303304,2,1.6434526764861874,0,0,0,0,1,0
Black Panther,6.734496677437742,3,3.6137361412618714,3,1.8512583487190752,0,0,1,0,0,0
The Godfather,6.9840834311395765,2,3.4596939764779706,0,2.1271047983648077,0,1,0,0,0,0
Spider-Man,5.090938420085822,4,2.287801729930226,0,2.2278867046136734,0,0,1,0,0,0
Shrek,6.987129141359204,0,2.973589623427257,4,1.3010299956639813,0,1,0,0,0,0
Iron Man,6.930664533668791,3,3.1351326513767748,4,2.130333768495006,0,0,0,0,0,1
Captain America,4.884772714363229,2,3.611510887126656,3,1.6532125137753437,0,0,0,0,1,0
Batman Begins,6.927866643266125,1,3.340047317661393,4,1.8808135922807914,0,0,0,0,0,1
Wonder Woman,4.419724503561819,2,3.552668216112193,4,1.8976270912904414,1,0,0,0,0,0
Guardians of the Galaxy,5.186080086091452,0,3.1458177144918276,1,2.0681858617461617,0,0,0,1,0,0
Coco,5.154959283074114,2,3.1528995963937474,0,1.8750612633917,0,0,1,0,0,0
Pirates of the Caribbean,5.660227791962858,1,3.2895889525425965,4,1.0791812460476249,0,0,1,0,0,0
X-Men,6.783250003117992,1,3.09725730969342,2,2.1367205671564067,0,1,0,0,0,0
The Matrix,5.377936104056914,2,3.1007150865730817,2,2.103803720955957,0,0,0,0,0,1
Forrest Gump,6.207853478695513,4,3.287129620719111,4,2.146128035678238,0,0,1,0,0,0
Jaws,4.05556944006099,1,3.6246945312720813,2,2.1789769472931693,0,1,0,0,0,0
Interstellar,6.931160221053514,4,3.3675422735205767,2,1.8388490907372552,0,0,1,0,0,0
Deadpool,6.057064444279669,1,3.5964871337365443,2,2.0569048513364727,0,0,0,0,0,1
Mad Max,6.510699130589393,0,3.640878778701618,4,2.1760912590556813,0,1,0,0,0,0
The Hunger Games,5.6598544251266185,3,3.4429498695778618,3,2.187520720836463,0,0,0,1,0,0
The Avengers,4.047391702200444,1,2.9813655090785445,3,2.1702617153949575,0,0,0,0,0,1
Titanic,6.981114107663134,2,2.3541084391474008,4,1.8195439355418688,0,0,0,0,1,0
Jurassic Park,6.729951316817904,4,3.611723308007342,4,2.110589710299249,0,0,0,0,0,1
Avatar,4.378397900948138,1,3.6452257115354163,0,1.1760912590556813,0,0,1,0,0,0
The Lion King,5.08489071481379,4,3.462996612028056,2,2.2041199826559246,1,0,0,0,0,0
Star Wars,5.943749181154722,0,2.7267272090265724,1,2.230448921378274,0,0,0,0,1,0
Frozen,5.694009939341994,1,3.2385478876813276,2,2.0718820073061255,1,0,0,0,0,0
Inception,6.773124995043644,4,3.3014640731433,3,2.2528530309798933,0,0,0,1,0,0
The Dark Knight,5.854285389544471,1,3.571941635074462,2,1.863322860120456,0,1,0,0,0,0
Harry Potter,5.959823372451909,4,3.4900990050633047,4,2.1702617153949575,0,0,0,0,1,0
Toy Story,6.51231076362811,1,3.398634324538392,0,1.8976270912904414,0,0,1,0,0,0
Finding Nemo,6.968338626732575,1,3.470704429722788,2,1.3424226808222062,0,0,1,0,0,0
Black Panther,6.24447158179632,0,2.741151598851785,1,1.591064607026499,0,0,0,0,1,0
The Godfather,6.43899760510175,2,3.398981066658131,0,2.247973266361807,0,0,0,1,0,0
Spider-Man,5.289417251895692,3,3.2907022432878543,3,0.8450980400142568,0,0,0,0,0,1
Shrek,5.68795412976025,2,3.412124406173317,1,1.2787536009528289,0,0,0,0,0,1
Iron Man,5.864135954460533,2,3.344785122632661,3,1.99563519459755,0,0,0,1,0,0
Captain America,5.499570247185839,2,3.6191977157929474,3,1.968482948553935,0,0,0,0,0,1
Batman Begins,6.694547113645957,3,3.6460114095912393,3,2.1367205671564067,1,0,0,0,0,0
Wonder Woman,6.795189809536654,3,3.2496874278053016,4,2.0211892990699383,1,0,0,0,0,0
Guardians of the Galaxy,5.167668764245533,4,3.472171146692363,3,2.1335389083702174,0,0,0,1,0,0
Coco,5.92606243196887,4,3.281941933440825,0,1.146128035678238,0,0,1,0,0,0
Pirates of the Caribbean,6.8499123376903315,4,2.6344772701607315,2,2.0681858617461617,0,0,0,0,0,1
X-Men,5.737393835113248,2,3.162564406523019,2,2.1522883443830563,0,1,0,0,0,0
The Matrix,6.978085701609725,1,2.5289167002776547,0,1.8388490907372552,1,0,0,0,0,0
Forrest Gump,5.946465038192348,1,3.48826861549546,3,1.4313637641589874,0,0,0,0,1,0
Jaws,6.554301349122125,2,3.3283796034387376,1,2.1583624920952498,0,0,1,0,0,0
Interstellar,6.870151683720286,1,3.614053105987219,1,1.9138138523837167,1,0,0,0,0,0
Deadpool,6.9330417303668535,2,3.4705574852172743,0,1.3010299956639813,0,1,0,0,0,0
Mad Max,6.595830962493155,0,3.2375437381428744,0,1.3010299956639813,0,0,1,0,0,0
The Hunger Games,5.8053356725082725,4,3.286231854028553,4,2.0718820073061255,0,0,0,0,0,1
The Avengers,5.900081875601438,1,3.0425755124401905,3,2.24551266781415,0,0,0,1,0,0
Titanic,6.377887896160083,0,3.4171394097273255,2,1.724275869600789,0,1,0,0,0,0
Jurassic Park,6.258624354250486,3,2.450249108319361,4,2.0086001717619175,0,0,0,0,1,0
Avatar,6.544828634126945,0,3.446226401778163,1,2.2095150145426308,0,0,0,0,1,0
The Lion King,5.725633986940562,4,2.4983105537896004,4,1.3222192947339193,0,1,0,0,0,0
Star Wars,6.9084984228224755,0,3.009450895798694,3,1.1139433523068367,0,0,0,0,1,0
Frozen,5.883516078298608,2,2.322219294733919,0,1.8260748027008264,0,0,0,0,0,1
Inception,6.224931436312674,4,2.781755374652469,0,1.8750612633917,0,1,0,0,0,0
The Dark Knight,6.170007520058034,3,3.4008832155483626,4,1.7781512503836436,0,1,0,0,0,0
Harry Potter,4.642256721468065,0,3.6061663146076204,3,2.2430380486862944,0,0,1,0,0,0
Toy Story,6.418222879168993,3,1.6434526764861874,3,0.9030899869919435,0,0,0,1,0,0
Finding Nemo,6.989497516244421,1,3.5251744278352715,3,1.6532125137753437,1,0,0,0,0,0
Black Panther,5.950744452665493,4,3.593728998707911,0,2.161368002234975,0,0,1,0,0,0
The Godfather,5.813809083363914,0,3.5264685124694775,3,1.9590413923210936,0,0,0,0,0,1
Spider-Man,4.700115030997206,4,3.1658376246901283,1,1.9731278535996986,0,1,0,0,0,0
Shrek,6.587243538390689,2,3.230448921378274,1,1.4771212547196624,0,1,0,0,0,0
Iron Man,6.459151296881967,2,3.0224283711854865,3,2.161368002234975,1,0,0,0,0,0
Captain America,6.9101208329722805,4,3.214843848047698,4,2.2068258760318495,0,0,0,0,1,0
Batman Begins,5.221213346490868,1,2.7307822756663893,2,1.7403626894942439,0,0,1,0,0,0
Wonder Woman,3.035829825252828,0,3.630122642859312,0,1.4471580313422192,0,0,1,0,0,0
Guardians of the Galaxy,6.8125627060686575,3,3.2643455070500926,3,1.9138138523837167,0,0,1,0,0,0
Coco,6.507893634791538,1,2.975891136401793,1,2.1702617153949575,0,0,0,1,0,0
Pirates of the Caribbean,4.412729273237532,1,3.46014581749175,2,2.2329961103921536,0,0,0,0,1,0
X-Men,5.742491036116771,4,3.534660575828444,1,1.7323937598229686,1,0,0,0,0,0
The Matrix,6.762843099411209,3,3.638788667157398,1,2.2278867046136734,0,1,0,0,0,0
Forrest Gump,5.8024939084860225,3,3.652826302561005,4,1.6434526764861874,0,0,0,0,0,1
Jaws,6.791643007319332,4,3.189209489582306,2,1.6720978579357175,0,0,1,0,0,0
Interstellar,6.802812707456532,1,2.6655809910179533,1,2.1398790864012365,1,0,0,0,0,0
Deadpool,6.523862566552916,0,2.967079734144497,2,2.1760912590556813,0,0,0,0,1,0
Mad Max,6.460761522023063,0,3.171726453653231,2,2.247973266361807,1,0,0,0,0,0
The Hunger Games,5.889813588016937,1,3.484584529282843,4,2.214843848047698,0,0,0,1,0,0
The Avengers,5.953642769138246,2,2.568201724066995,2,1.7853298350107671,0,0,0,0,1,0
Titanic,6.895430834022956,3,2.9809119377768436,1,1.7781512503836436,0,0,0,1,0,0
Jurassic Park,5.945645812019365,0,3.469380135849925,3,2.0569048513364727,0,0,0,0,0,1
Avatar,4.969620895700815,4,3.4835872969688944,3,1.3010299956639813,0,0,1,0,0,0
The Lion King,6.744106313760784,1,2.926856708949692,4,1.9444826721501687,0,0,0,0,0,1
Star Wars,5.1528507278799225,1,3.647969458362972,3,2.2013971243204513,0,1,0,0,0,0
Frozen,6.017468668297319,0,3.4171394097273255,1,2.03342375548695,0,0,0,0,1,0
Inception,6.762197423053051,4,2.813580988568192,4,2.103803720955957,1,0,0,0,0,0
The Dark Knight,4.78931977509219,3,3.621384028481653,0,1.8808135922807914,0,1,0,0,0,0
Harry Potter,4.3793236507533155,4,3.274388795550379,3,2.0453229787866576,0,0,1,0,0,0
Toy Story,5.671365408230867,1,3.442636525782232,2,2.220108088040055,0,0,0,0,0,1
Finding Nemo,6.510748437562853,4,3.491781775584166,2,1.8573324964312685,0,1,0,0,0,0
Black Panther,6.47599105402838,3,3.5653755027140734,0,1.3010299956639813,1,0,0,0,0,0
The Godfather,5.626162711787275,3,2.5490032620257876,3,2.2278867046136734,0,1,0,0,0,0
Spider-Man,6.498418493574571,2,3.5913985512812485,0,1.0413926851582251,0,1,0,0,0,0
Shrek,5.904431511443055,0,3.5811528919662887,3,1.1139433523068367,0,0,0,1,0,0
Iron Man,4.721398375521505,0,2.69196510276736,1,2.247973266361807,0,0,0,0,1,0
Captain America,5.7293948400073225,0,3.1031192535457137,1,2.184691430817599,0,0,1,0,0,0
Batman Begins,6.953523833331594,1,3.62746827245971,2,2.1492191126553797,0,1,0,0,0,0
Wonder Woman,6.898369814058411,0,3.2022157758011316,1,2.2227164711475833,1,0,0,0,0,0
Guardians of the Galaxy,5.878904793792573,2,3.410608542568368,3,2.2068258760318495,0,1,0,0,0,0
Coco,5.99714907419685,4,3.5532760461370994,0,2.2174839442139063,0,1,0,0,0,0
Pirates of the Caribbean,4.809216183165742,3,3.208441356438567,3,2.173186268412274,1,0,0,0,0,0
X-Men,5.274430352842589,3,2.3344537511509307,2,1.3222192947339193,0,0,0,1,0,0
The Matrix,5.863485838697679,3,2.60959440922522,0,1.3010299956639813,0,1,0,0,0,0
Forrest Gump,5.474265811626901,0,2.6875289612146345,3,2.113943352306837,0,1,0,0,0,0
Jaws,6.889037683301408,4,2.8981764834976764,2,2.037426497940624,1,0,0,0,0,0
Interstellar,6.673692115420664,1,3.161667412437736,4,1.954242509439325,0,0,0,1,0,0
Deadpool,5.703245796305829,4,2.8188854145940097,3,1.8512583487190752,0,0,0,1,0,0
Mad Max,6.7626331817084635,2,3.088844562727004,3,2.0211892990699383,0,1,0,0,0,0
The Hunger Games,2.8273692730538253,2,2.484299839346786,2,2.1367205671564067,0,0,0,0,0,1
The Avengers,6.99990188179367,3,3.628491104967123,2,2.2405492482826,1,0,0,0,0,0
Titanic,6.748028006544163,0,3.2022157758011316,4,2.161368002234975,0,1,0,0,0,0
Jurassic Park,6.185732771976587,4,3.624488362513449,0,1.8920946026904804,0,0,0,0,0,1
Avatar,6.976809803308527,2,3.353531559077762,1,1.591064607026499,0,0,0,0,1,0
The Lion King,6.80181503149351,1,3.53567380342575,4,0.3010299956639812,1,0,0,0,0,0
Star Wars,6.946780171085359,3,2.724275869600789,2,2.146128035678238,0,0,0,1,0,0
Frozen,6.991701810647801,1,2.909020854211156,0,1.8325089127062364,0,0,0,1,0,0
Inception,5.978737755046025,0,3.413299764081252,4,2.1367205671564067,0,0,0,0,0,1
The Dark Knight,5.574860845952821,0,3.511214701136388,3,1.9912260756924949,1,0,0,0,0,0
Harry Potter,4.33086001497464,0,3.577836341292744,3,2.1398790864012365,0,1,0,0,0,0
Toy Story,6.546455795894702,0,2.8344207036815328,0,1.8920946026904804,0,1,0,0,0,0
Finding Nemo,5.078061495458321,2,3.58849580100721,4,1.845098040014257,0,0,0,1,0,0
Black Panther,6.522534213131129,2,3.154119525515847,3,1.8325089127062364,1,0,0,0,0,0
The Godfather,6.863312389332751,4,3.2362852774480286,4,1.724275869600789,0,0,0,0,0,1
Spider-Man,5.329462967801473,1,3.646893624167745,2,1.9444826721501687,0,0,0,0,0,1
Shrek,4.9026446068516565,0,3.539452491549461,3,2.113943352306837,0,1,0,0,0,0
Iron Man,5.944520177781341,1,3.3271545124094315,4,1.591064607026499,0,0,1,0,0,0
Captain America,5.847973456264566,0,2.9036325160842376,3,1.9731278535996986,0,0,0,1,0,0
Batman Begins,4.7719988002697775,1,2.6314437690131722,1,1.1139433523068367,1,0,0,0,0,0
Wonder Woman,4.637049207615647,0,2.9041743682841634,3,2.0253058652647704,0,0,1,0,0,0
Guardians of the Galaxy,6.92573993412006,0,3.509202522331103,3,2.1702617153949575,1,0,0,0,0,0
Coco,6.931475770982588,3,3.490941205356787,2,1.5440680443502757,0,0,0,0,0,1
Pirates of the Caribbean,6.941544276776015,4,3.4466924663715273,2,1.9867717342662448,0,1,0,0,0,0
X-Men,6.0436274900350115,4,3.5140161804006493,2,1.954242509439325,0,0,0,0,0,1
The Matrix,6.816205228845273,0,3.441538038702161,0,1.7708520116421442,0,0,0,1,0,0
Forrest Gump,5.912437289927775,4,3.3664229572259727,2,2.0569048513364727,1,0,0,0,0,0
Jaws,5.130735706961366,4,3.2286569581089353,4,1.6989700043360187,0,0,1,0,0,0
Interstellar,6.577982344392985,3,2.8382192219076257,2,1.2787536009528289,0,0,0,0,0,1
Deadpool,5.362704842938072,2,3.5327543789924976,3,2.113943352306837,0,0,0,0,0,1
Mad Max,6.533057260616144,4,3.089551882886454,3,1.6127838567197355,0,0,1,0,0,0
The Hunger Games,6.165937515754567,4,3.244524511570084,2,1.7323937598229686,0,0,0,0,1,0
The Avengers,6.788823844815159,2,3.612571954065176,0,2.1398790864012365,0,0,0,1,0,0
Titanic,6.966975950193826,4,2.8068580295188172,1,1.7075701760979363,0,0,0,1,0,0
Jurassic Park,5.458349230548568,3,1.7781512503836436,1,2.0211892990699383,0,0,1,0,0,0
Avatar,6.876453058227839,2,3.423245873936808,4,1.9777236052888478,0,0,0,1,0,0
The Lion King,6.959995124048376,3,3.3330440298234874,4,2.2121876044039577,1,0,0,0,0,0
Star Wars,5.9821680758497155,3,3.2801228963023075,3,1.3010299956639813,0,1,0,0,0,0
Frozen,6.921557936503659,2,3.1562461903973444,1,2.2174839442139063,0,1,0,0,0,0
Inception,6.941856147474466,2,3.2543063323312857,0,1.6127838567197355,1,0,0,0,0,0
The Dark Knight,5.964718202916203,1,3.5485122563410356,1,1.9493900066449128,0,0,0,0,0,1
Harry Potter,6.698239776042761,2,3.6475785542124552,0,1.8808135922807914,1,0,0,0,0,0
Toy Story,6.431730346963851,0,3.116275587580544,2,1.4913616938342726,1,0,0,0,0,0
Finding Nemo,5.887148436838055,2,3.3690302218091532,0,1.7323937598229686,1,0,0,0,0,0
Black Panther,5.867527589585017,0,3.4168068718229443,0,2.0211892990699383,0,0,0,0,0,1
The Godfather,5.2316046492843595,2,2.1367205671564067,0,0.0,0,0,0,1,0,0
Spider-Man,5.784026421521012,2,3.095169351431755,3,2.1367205671564067,0,0,0,0,0,1
Shrek,4.423147531977245,2,3.471144965160633,4,1.414973347970818,0,0,0,1,0,0
Iron Man,5.816182948110947,4,2.1583624920952498,4,1.662757831681574,0,1,0,0,0,0
Captain America,4.094121595840561,4,3.535547279176668,4,1.4913616938342726,0,0,1,0,0,0
Batman Begins,4.6308548399769,3,3.266936911159173,4,1.8750612633917,0,0,0,0,0,1
Wonder Woman,5.5139855952052494,4,3.166726055580052,0,1.9912260756924949,0,0,1,0,0,0
Guardians of the Galaxy,6.8993049504434945,3,3.62490060220449,3,1.8976270912904414,0,0,1,0,0,0
Coco,6.725459714660587,3,3.513617073787875,1,2.225309281725863,0,0,0,1,0,0
Pirates of the Caribbean,5.810120904762435,3,3.3653007486379876,3,1.9242792860618816,1,0,0,0,0,0
X-Men,6.4368979386245515,0,3.1142772965615864,1,1.3979400086720377,1,0,0,0,0,0
The Matrix,5.97936032181442,1,2.255272505103306,3,1.968482948553935,0,1,0,0,0,0
Forrest Gump,5.477926847180601,1,3.6322547766847135,3,1.3617278360175928,0,0,1,0,0,0
Jaws,6.747850697388907,1,3.6001012556913907,4,1.4471580313422192,0,0,0,0,0,1
Interstellar,6.013219067279216,2,3.49220145139254,3,2.0253058652647704,0,0,0,0,0,1
Deadpool,5.986584992268873,4,3.569724949226159,0,1.9867717342662448,0,0,0,1,0,0
Mad Max,4.735223519857252,3,3.089905111439398,0,2.0043213737826426,0,1,0,0,0,0
The Hunger Games,6.1842552142197995,2,3.040602340114073,0,1.7075701760979363,0,0,0,1,0,0
The Avengers,6.192596721233883,0,3.5991185650553628,3,2.0827853703164503,0,1,0,0,0,0
Titanic,4.330028013516616,2,3.316808752053022,0,2.161368002234975,1,0,0,0,0,0
Jurassic Park,5.692317162263091,0,1.462397997898956,3,2.1760912590556813,1,0,0,0,0,0
Avatar,6.327506467261427,0,3.3370597263205246,1,2.0253058652647704,1,0,0,0,0,0
The Lion King,5.293930192148229,1,3.499412125672275,1,1.5440680443502757,0,0,1,0,0,0
Star Wars,5.872618885089416,1,3.1986570869544226,0,2.247973266361807,1,0,0,0,0,0
Frozen,6.700677243407572,2,2.4683473304121573,4,1.3979400086720377,0,0,0,0,0,1
Inception,4.236360888012924,0,3.3725438007590705,1,2.0453229787866576,0,0,0,0,0,1
The Dark Knight,3.910197369966001,0,3.3261309567107946,1,2.250420002308894,0,0,0,0,0,1
Harry Potter,6.732339710924331,1,3.640481436970422,3,1.968482948553935,1,0,0,0,0,0
Toy Story,6.5183374225254225,1,3.595496221825574,3,2.2430380486862944,0,0,0,0,0,1
Finding Nemo,5.792189205036079,2,3.4164740791002206,0,1.954242509439325,0,1,0,0,0,0
Black Panther,6.764442906083636,2,2.937517892017347,4,1.591064607026499,0,0,0,0,1,0
The Godfather,6.839642620710368,0,3.5938396610812715,4,2.2278867046136734,0,0,0,0,1,0
Spider-Man,5.793263605470129,1,3.4310419453358856,3,1.1139433523068367,0,0,1,0,0,0
Shrek,3.220108088040055,1,3.295786940251609,1,1.919078092376074,0,0,0,0,0,1
Iron Man,4.865115824260695,2,3.0111473607757975,3,1.8129133566428555,0,0,1,0,0,0
Captain America,6.5443264347271075,4,3.485153349903652,2,2.2278867046136734,0,0,0,0,1,0
Batman Begins,5.664164176898292,0,3.383456296524753,2,1.0791812460476249,1,0,0,0,0,0
Wonder Woman,5.892181452902129,0,3.555698894718901,2,2.0043213737826426,0,0,0,0,0,1
Guardians of the Galaxy,6.222862858325809,4,3.4466924663715273,0,1.6334684555795864,0,1,0,0,0,0
Coco,5.145553767030318,0,3.3594560201209864,3,1.5797835966168101,0,0,0,0,1,0
Pirates of the Caribbean,4.890929354362012,3,3.5788683286660286,4,2.1271047983648077,0,0,1,0,0,0
X-Men,6.64186866326531,1,3.5336449787987627,2,1.414973347970818,0,0,0,0,1,0
The Matrix,6.51458892235698,2,3.36679638328673,4,0.6020599913279624,0,0,0,0,1,0
Forrest Gump,5.989629994697271,3,2.832508912706236,0,2.12057393120585,1,0,0,0,0,0
Jaws,6.731380672975092,1,3.401572845676446,3,2.0718820073061255,0,0,0,1,0,0
Interstellar,5.154335705280714,3,3.5342800052050816,4,1.8864907251724818,0,1,0,0,0,0
Deadpool,6.700044075073261,1,3.6055205234374688,4,1.7634279935629373,0,0,0,0,1,0
Mad Max,5.607384243531709,4,3.377124042346456,0,1.9493900066449128,0,0,1,0,0,0
The Hunger Games,6.773902899250216,1,3.0195316845312554,1,1.6232492903979006,0,0,0,0,1,0
The Avengers,5.998867186743932,1,3.35430056234536,0,1.6812412373755872,0,0,0,1,0,0
Titanic,6.712331523309682,4,3.499412125672275,3,1.6127838567197355,0,1,0,0,0,0
Jurassic Park,6.516348659850744,4,3.0008677215312267,0,2.1335389083702174,0,0,0,0,0,1
Avatar,6.776028523625639,0,3.35430056234536,3,2.167317334748176,0,0,0,0,1,0
The Lion King,5.551160778679332,4,3.179838928023187,0,2.100370545117563,0,0,0,0,0,1
Star Wars,5.9081127601593035,4,3.634275694625944,0,2.225309281725863,0,0,1,0,0,0
Frozen,6.839700982449279,1,3.379305517750582,4,1.5797835966168101,0,0,0,0,0,1
Inception,4.7152844927779185,0,3.440279213235588,0,2.146128035678238,0,0,1,0,0,0
The Dark Knight,6.4992195521808025,0,1.568201724066995,3,2.1335389083702174,0,0,0,0,1,0
Harry Potter,6.983001680796249,1,3.27207378750001,1,2.2405492482826,0,0,1,0,0,0
Toy Story,5.709926843291738,4,3.427323786357247,4,1.7853298350107671,0,0,0,0,1,0
Finding Nemo,5.936767509427327,0,3.6306312440205,1,1.255272505103306,0,1,0,0,0,0
Black Panther,5.759957026279961,2,3.62797998982998,4,0.9542425094393249,0,0,1,0,0,0
The Godfather,6.562805267515986,1,3.404149249209695,2,2.0170333392987803,0,0,0,0,1,0
Spider-Man,5.941580993685116,1,3.635785235533652,4,1.0413926851582251,1,0,0,0,0,0
Shrek,6.446322918208378,4,2.8744818176994666,3,2.184691430817599,0,0,0,0,1,0
Iron Man,6.6384087802223295,0,2.887617300335736,4,1.8573324964312685,0,0,1,0,0,0
Captain America,5.769173425706311,0,3.296445794206396,4,2.143014800254095,0,1,0,0,0,0
Batman Begins,5.755534906273307,4,3.423737249982329,3,2.0681858617461617,0,0,0,0,0,1
Wonder Woman,4.020734085411515,0,3.042181594515766,3,1.724275869600789,1,0,0,0,0,0
Guardians of the Galaxy,6.5615600140848525,0,2.832508912706236,0,2.155336037465062,0,0,1,0,0,0
Coco,5.550425270128221,3,3.6276730317666157,0,2.0530784434834195,1,0,0,0,0,0
Pirates of the Caribbean,6.801583771107584,3,2.907411360774586,2,1.7781512503836436,0,0,0,0,0,1
X-Men,6.634519992156883,1,3.6047658847038875,0,2.2430380486862944,0,1,0,0,0,0
The Matrix,5.947006570026026,1,3.482873583608754,0,1.9138138523837167,0,0,0,1,0,0
Forrest Gump,6.9979701485456,4,3.2942457161381182,4,1.8195439355418688,0,0,0,0,0,1
Jaws,6.547261491875267,3,3.179838928023187,2,1.4913616938342726,0,0,0,1,0,0
Interstellar,4.841228035811435,1,3.4686426683915115,1,2.2068258760318495,0,0,0,0,1,0
Deadpool,6.906641418452774,1,3.484584529282843,2,1.2041199826559248,1,0,0,0,0,0
Mad Max,6.905145516461225,3,2.6127838567197355,0,1.9030899869919435,0,0,1,0,0,0
The Hunger Games,6.833942398528671,3,3.226084115975824,2,2.250420002308894,0,0,1,0,0,0
The Avengers,6.701614347618285,4,3.345177616542704,0,1.8808135922807914,0,0,0,1,0,0
Titanic,5.526202246204973,1,3.286905352972375,4,1.8750612633917,0,1,0,0,0,0
Jurassic Park,5.0969065386383035,1,3.587037117743456,3,1.462397997898956,1,0,0,0,0,0
Avatar,5.3604798081719425,2,3.163757523981956,1,2.1398790864012365,0,0,1,0,0,0
The Lion King,4.929439362620812,1,3.074084689028244,3,2.220108088040055,0,0,1,0,0,0
Star Wars,6.51097587389166,1,2.5705429398818973,0,1.9138138523837167,0,0,1,0,0,0
Frozen,5.788678756162389,2,3.1222158782728267,1,1.7481880270062005,0,1,0,0,0,0
Inception,6.943906109137951,1,3.0145205387579237,3,2.0791812460476247,0,0,0,1,0,0
The Dark Knight,6.698611476580647,3,3.344785122632661,3,1.954242509439325,1,0,0,0,0,0
Harry Potter,5.94715276111722,1,3.247973266361807,2,1.7075701760979363,1,0,0,0,0,0
Toy Story,6.5192880046754835,4,3.287801729930226,0,1.7323937598229686,0,0,0,0,1,0
Finding Nemo,5.790470245252511,1,3.490520309363349,1,2.1760912590556813,1,0,0,0,0,0
Black Panther,6.761748673779734,4,2.0253058652647704,4,1.6334684555795864,1,0,0,0,0,0
The Godfather,5.1547647012414375,4,3.532627001228891,0,1.9912260756924949,0,0,1,0,0,0
Spider-Man,5.8103178894785055,1,3.0941215958405612,1,2.03342375548695,0,0,0,0,1,0
Shrek,5.779302052352608,2,3.1577588860468637,3,2.113943352306837,0,0,1,0,0,0
Iron Man,6.427961365713132,2,3.4443571256560275,4,2.0170333392987803,0,0,1,0,0,0
Captain America,6.807989041053741,4,3.589726256254237,3,1.9637878273455553,0,0,1,0,0,0
Batman Begins,5.858754891756749,2,3.616580530085886,4,1.863322860120456,1,0,0,0,0,0
Wonder Woman,6.735311483686686,1,2.7371926427047373,0,1.3222192947339193,0,1,0,0,0,0
Guardians of the Galaxy,5.930733103100852,0,2.9698816437465,0,2.0253058652647704,1,0,0,0,0,0
Coco,6.763698519678051,1,3.0013009330204183,4,2.093421685162235,0,1,0,0,0,0
Pirates of the Caribbean,5.627775375229303,2,3.4759615891924236,2,1.9637878273455553,0,1,0,0,0,0
X-Men,6.823015760936684,4,3.5779511277297553,4,2.037426497940624,0,0,0,0,1,0
The Matrix,5.639088868085536,1,3.5633624094866074,1,1.9395192526186185,0,0,0,0,1,0
Forrest Gump,6.941867368459741,2,3.4761067168401913,1,1.8195439355418688,0,0,0,0,0,1
Jaws,6.999876686291378,3,3.2314695904306814,2,2.1583624920952498,0,0,1,0,0,0
Interstellar,6.9756294709136615,4,3.5485122563410356,1,2.1903316981702914,0,0,0,0,1,0
Deadpool,6.747803971941593,0,3.4382258076045296,2,2.1335389083702174,0,0,0,1,0,0
Mad Max,5.742121568947139,4,3.2875778090787056,1,1.3617278360175928,0,0,0,0,0,1
The Hunger Games,6.699045043939257,4,2.9095560292411755,3,2.060697840353612,0,0,0,0,1,0
The Avengers,6.431432924069444,2,3.570192561095726,1,1.8573324964312685,0,0,0,1,0,0
Titanic,5.953158800096658,0,3.4586378490256493,1,1.5797835966168101,0,1,0,0,0,0
Jurassic Park,6.850135869107446,1,2.0718820073061255,0,2.093421685162235,1,0,0,0,0,0
Avatar,5.323043671339525,2,3.361160995195026,1,1.4471580313422192,0,1,0,0,0,0
The Lion King,5.6367766613262065,2,2.910090545594068,1,2.100370545117563,1,0,0,0,0,0
Star Wars,3.966892295867136,2,3.6291036501771363,0,1.9138138523837167,0,1,0,0,0,0
Frozen,6.722896311755764,0,3.0930713063760633,4,1.9242792860618816,0,1,0,0,0,0
Inception,6.756864376097799,1,3.6088468223264116,2,1.591064607026499,0,0,0,1,0,0
The Dark Knight,5.831867215837137,4,2.357934847000454,3,1.8512583487190752,0,0,0,0,1,0
Harry Potter,6.37976423129292,0,3.622731965164719,2,2.1818435879447726,1,0,0,0,0,0
Toy Story,5.675989024172628,1,3.3203540328176717,1,1.9084850188786497,0,0,1,0,0,0
Finding Nemo,6.801460514490416,0,3.53832233323144,1,2.0253058652647704,0,0,0,0,1,0
Black Panther,6.904629272737801,0,3.5323721335678773,3,2.093421685162235,0,0,0,1,0,0
The Godfather,6.931394806958558,2,1.99563519459755,3,1.7708520116421442,0,1,0,0,0,0
Spider-Man,5.843515569357887,0,3.5979144712025284,1,1.7323937598229686,0,1,0,0,0,0
Shrek,5.947257713631273,2,2.783903579272735,4,1.9637878273455553,1,0,0,0,0,0
Iron Man,6.04167488486649,0,2.920123326290724,2,1.9912260756924949,0,0,0,1,0,0
Captain America,5.407089938670941,2,3.1760912590556813,4,1.0791812460476249,0,0,0,0,0,1
Batman Begins,5.245529940546645,4,1.9294189257142926,1,2.093421685162235,0,0,1,0,0,0
Wonder Woman,6.781127383252016,3,2.8603380065709936,3,2.041392685158225,0,0,0,0,1,0
Guardians of the Galaxy,6.971199422888722,4,3.4287825114969546,1,2.24551266781415,0,0,0,1,0,0
Coco,5.2321444650784095,1,3.04883008652835,2,1.7160033436347992,0,1,0,0,0,0
Pirates of the Caribbean,5.003193324349904,1,2.439332693830263,0,2.1583624920952498,0,1,0,0,0,0
X-Men,6.906014537094532,1,3.5864747785713966,3,1.8976270912904414,0,0,0,1,0,0
The Matrix,6.855951478337714,0,3.3176455432211585,1,1.380211241711606,1,0,0,0,0,0
Forrest Gump,6.894368019809007,4,3.17666993266815,0,0.6989700043360189,0,0,0,0,0,1
Jaws,5.855453733998478,1,3.1398790864012365,2,2.1986570869544226,0,0,1,0,0,0
Interstellar,6.858353335395412,3,2.3521825181113627,4,1.3424226808222062,1,0,0,0,0,0
Deadpool,6.914915139159708,3,2.450249108319361,0,2.0969100130080562,0,0,0,0,1,0
Mad Max,6.833180782778784,1,2.948412965778601,3,2.1335389083702174,0,0,1,0,0,0
The Hunger Games,5.963104692718761,1,3.1119342763326814,2,1.9777236052888478,0,1,0,0,0,0
The Avengers,6.750516494406475,0,3.1473671077937864,3,2.0827853703164503,0,0,0,0,1,0
Titanic,6.670185530206897,1,3.247236549506764,1,2.0293837776852097,0,0,0,0,0,1
Jurassic Park,5.902541343804609,0,3.0232524596337114,4,1.255272505103306,0,1,0,0,0,0
Avatar,5.907804627664183,1,3.491921712586151,3,1.7558748556724915,1,0,0,0,0,0
The Lion King,6.981581197413771,3,3.5565437084835145,1,2.1958996524092336,1,0,0,0,0,0
Star Wars,5.817460914795096,1,3.4584867637982066,1,1.6901960800285136,0,1,0,0,0,0
Frozen,4.477656554546929,0,3.594171479114912,1,1.8129133566428555,0,1,0,0,0,0
Inception,5.592051227039699,2,3.5089335260500327,2,1.1139433523068367,0,0,0,1,0,0
The Dark Knight,6.405944021603351,0,2.571708831808688,3,2.2528530309798933,0,1,0,0,0,0
Harry Potter,5.4754561665978665,0,3.3432115901797474,2,2.093421685162235,0,0,0,1,0,0
Toy Story,5.831832035712408,3,2.910624404889201,4,2.1931245983544616,0,0,0,1,0,0
Finding Nemo,5.707735346899773,1,2.6138418218760693,1,2.089905111439398,0,1,0,0,0,0
Black Panther,4.089728533074736,3,3.311753861055754,3,0.47712125471966244,0,0,1,0,0,0
The Godfather,4.856444905472978,3,3.5296869537729165,1,1.4313637641589874,0,0,1,0,0,0
Spider-Man,4.66086547800387,0,3.481729196960016,1,1.8920946026904804,0,0,1,0,0,0
Shrek,6.2927220231403025,0,3.2000292665537704,2,2.0681858617461617,0,0,1,0,0,0
Iron Man,5.908384207966069,1,3.60788374435699,2,1.462397997898956,0,1,0,0,0,0
Captain America,6.560570719194661,2,3.575880315680646,2,2.2430380486862944,0,1,0,0,0,0
Batman Begins,6.695682841328677,4,2.9185545305502734,3,1.1760912590556813,0,0,1,0,0,0
Wonder Woman,4.324899497052313,4,3.482730700079943,4,2.12057393120585,1,0,0,0,0,0
Guardians of the Galaxy,6.867855881003195,3,2.74350976472843,3,1.9777236052888478,0,1,0,0,0,0
Coco,5.930417165834019,0,2.1335389083702174,3,1.6020599913279623,0,1,0,0,0,0
Pirates of the Caribbean,5.576007148971984,4,3.4295908022233017,1,2.0827853703164503,0,0,1,0,0,0
X-Men,5.6106814515133,0,2.4913616938342726,0,2.225309281725863,0,0,0,1,0,0
The Matrix,5.384518282106505,4,3.608632989490037,3,1.662757831681574,0,0,1,0,0,0
Forrest Gump,6.954778098439503,2,3.126780577012009,0,1.919078092376074,0,1,0,0,0,0
Jaws,6.726838253624164,1,2.693726948923647,2,1.6127838567197355,1,0,0,0,0,0
Interstellar,6.989286214466175,0,3.6093809442507068,3,1.8260748027008264,0,0,0,1,0,0
Deadpool,4.368677295412786,3,3.52543355342882,0,1.7403626894942439,0,0,1,0,0,0
Mad Max,5.8534530155746465,3,3.219060332448861,0,1.6532125137753437,0,0,0,0,0,1
The Hunger Games,6.355614517591456,3,2.863322860120456,1,2.2041199826559246,1,0,0,0,0,0
The Avengers,6.398950737772201,3,3.3703280077795106,4,2.1931245983544616,0,0,0,0,1,0
Titanic,6.254027675445605,1,3.4891143693789193,2,2.1986570869544226,0,0,0,0,0,1
Jurassic Park,6.885530663608019,1,2.9731278535996988,1,2.123851640967086,0,0,0,1,0,0
Avatar,5.493368812784715,1,3.623766000133931,4,1.792391689498254,0,0,0,0,1,0
The Lion King,6.605647497233788,1,3.2242740142942576,4,1.568201724066995,0,0,0,1,0,0
Star Wars,6.931177777410663,4,3.0982975364946976,2,2.0211892990699383,0,1,0,0,0,0
Frozen,6.973922070651706,1,2.5118833609788744,3,1.6812412373755872,0,0,1,0,0,0
Inception,6.539399941622418,4,3.0588054866759067,4,2.184691430817599,0,1,0,0,0,0
The Dark Knight,4.8589520453436235,3,3.5907304057926903,3,1.568201724066995,0,0,0,0,0,1
Harry Potter,6.864851085944719,2,3.0064660422492318,0,1.0791812460476249,0,0,0,0,0,1
Toy Story,6.913252349305754,1,3.2723058444020863,1,1.99563519459755,1,0,0,0,0,0
Finding Nemo,6.883768774941812,1,2.5276299008713385,2,2.100370545117563,0,0,0,0,0,1
Black Panther,2.870403905279027,0,3.3049211619008916,2,1.8976270912904414,0,0,1,0,0,0
The Godfather,6.548666860253741,2,3.5415792439465807,3,2.0718820073061255,0,0,1,0,0,0
Spider-Man,6.98406135576925,3,3.1271047983648077,2,2.123851640967086,1,0,0,0,0,0
Shrek,6.909433104368422,1,2.91539983521227,2,2.0043213737826426,1,0,0,0,0,0
Iron Man,5.7994308457439425,4,3.616790486329716,3,2.103803720955957,0,0,1,0,0,0
Captain America,6.905321026009506,3,3.591287265058499,2,2.2528530309798933,0,0,1,0,0,0
Batman Begins,6.549777553937618,3,3.5485122563410356,0,2.2329961103921536,1,0,0,0,0,0
Wonder Woman,6.147194469267973,2,3.4782778319196046,0,2.173186268412274,0,0,0,1,0,0
Guardians of the Galaxy,5.438814389798143,1,3.4778444763387584,1,1.7481880270062005,0,0,0,0,1,0
Coco,6.08516887307803,1,2.8530895298518657,1,1.9912260756924949,0,0,0,0,0,1
Pirates of the Caribbean,6.43928578749323,0,3.499687082618404,1,1.505149978319906,0,0,0,0,1,0
X-Men,4.86378665306406,1,3.0362295440862948,0,1.5185139398778875,0,0,0,1,0,0
The Matrix,5.435403161113809,4,2.534026106056135,3,2.2068258760318495,0,1,0,0,0,0
Forrest Gump,5.807925852491318,3,3.396896449142524,1,1.568201724066995,0,0,1,0,0,0
Jaws,3.894149846767922,2,3.3443922736851106,1,2.1367205671564067,1,0,0,0,0,0
Interstellar,4.398460849608223,4,3.3571722577230334,3,1.5185139398778875,1,0,0,0,0,0
Deadpool,6.3592084320759055,3,3.4169731726030363,2,2.0569048513364727,0,0,1,0,0,0
Mad Max,4.66783571048952,4,1.968482948553935,0,1.4771212547196624,0,1,0,0,0,0
The Hunger Games,6.827936909997916,1,3.2739267801005254,1,1.6989700043360187,1,0,0,0,0,0
The Avengers,3.515211304327802,3,3.508798965403905,2,2.130333768495006,0,0,1,0,0,0
Titanic,5.898720794754389,4,3.4119562379304016,4,1.5185139398778875,0,0,0,0,0,1
Jurassic Park,5.761502352072682,2,3.058426024457005,1,2.230448921378274,1,0,0,0,0,0
Avatar,6.447082488553687,1,3.563599728881531,1,1.662757831681574,0,0,0,0,0,1
The Lion King,6.279305946433412,4,3.1925674533365456,3,1.2787536009528289,0,0,0,0,1,0
Star Wars,6.983753174575223,2,2.6444385894678386,2,2.1789769472931693,0,0,1,0,0,0
Frozen,6.765838886957638,4,3.5277587525209717,3,2.146128035678238,0,0,1,0,0,0
Inception,6.73840419181632,3,3.185825359612962,4,2.0043213737826426,0,0,0,0,1,0
The Dark Knight,6.878535524964238,2,3.2329961103921536,4,2.012837224705172,1,0,0,0,0,0
Harry Potter,5.828207324418556,0,3.5020172148271476,2,2.214843848047698,0,1,0,0,0,0
Toy Story,4.731330851449278,0,3.5569052690554477,3,1.1760912590556813,0,1,0,0,0,0
Finding Nemo,6.92763594067871,1,2.9334872878487053,0,2.2380461031287955,0,0,0,0,1,0
Black Panther,5.655067327681523,4,3.184691430817599,1,1.4471580313422192,0,0,0,1,0,0
The Godfather,4.445946522756832,3,3.5917322389518356,4,0.47712125471966244,0,1,0,0,0,0
Spider-Man,4.9576455913890936,0,3.246252312299322,4,2.1789769472931693,0,1,0,0,0,0
Shrek,4.8530834387224475,2,3.4148062795010126,3,1.7708520116421442,1,0,0,0,0,0
Iron Man,6.641505045447606,3,3.5060989599284405,1,2.1818435879447726,0,0,0,1,0,0
Captain America,6.85387213803952,3,3.4610480916706576,4,1.5314789170422551,0,0,0,0,1,0
Batman Begins,5.534004517782176,3,3.5781806096277777,3,2.103803720955957,0,0,1,0,0,0
Wonder Woman,6.986335384973118,1,3.4316853446860116,3,2.03342375548695,0,0,0,0,1,0
Guardians of the Galaxy,5.901272466805401,0,3.4255342204982635,0,1.6720978579357175,0,0,0,0,0,1
Coco,5.9797759327296856,3,3.037824750588342,2,1.6901960800285136,1,0,0,0,0,0
Pirates of the Caribbean,5.495986731763155,4,2.6646419755561257,3,1.8325089127062364,0,0,1,0,0,0
X-Men,5.139160962991786,1,2.8785217955012063,4,1.6901960800285136,0,0,0,0,0,1
The Matrix,5.663618957524919,1,3.331427296520743,1,2.0969100130080562,0,0,1,0,0,0
Forrest Gump,6.512875891730781,0,3.503245771465113,3,1.8808135922807914,0,0,0,0,1,0
Jaws,5.634108315848491,0,3.2598326990634834,4,1.9637878273455553,0,0,0,1,0,0
Interstellar,6.927511306200112,1,3.620864475265121,0,1.9493900066449128,0,1,0,0,0,0
Deadpool,6.795813582579063,3,3.3382572302462554,1,1.4471580313422192,1,0,0,0,0,0
Mad Max,6.851140522712917,2,3.5926208213219826,4,1.7481880270062005,1,0,0,0,0,0
The Hunger Games,6.654408456753858,0,3.39776625612645,2,2.1172712956557644,0,0,0,0,1,0
The Avengers,6.958580748235769,3,3.2511513431753545,1,1.7993405494535817,0,1,0,0,0,0
Titanic,6.856888384281062,2,3.4471580313422194,4,1.6901960800285136,0,1,0,0,0,0
Jurassic Park,6.728010269444906,2,3.6524397475894204,4,2.2013971243204513,0,0,0,0,0,1
Avatar,6.705388720883914,3,3.3961993470957363,4,1.724275869600789,0,0,0,0,0,1
The Lion King,4.631494501386561,3,3.4831592097169795,2,2.0211892990699383,1,0,0,0,0,0
Star Wars,6.578816100239851,0,3.159266331093494,4,2.1522883443830563,0,0,1,0,0,0
Frozen,6.857335693309438,0,3.541953474458236,0,2.2278867046136734,1,0,0,0,0,0
Inception,6.883410493738718,2,3.4565178578052627,2,0.6020599913279624,1,0,0,0,0,0
The Dark Knight,5.655892990139704,3,3.2116544005531824,0,1.6812412373755872,0,0,0,0,1,0
Harry Potter,5.9219100665725355,4,3.405346360175709,3,2.03342375548695,1,0,0,0,0,0
Toy Story,5.984714492177027,2,3.4632956099620027,3,1.146128035678238,0,0,0,1,0,0
Finding Nemo,6.9566249203089,4,3.4435758797502576,4,1.8750612633917,0,0,0,0,1,0
Black Panther,3.6542728270977105,1,2.6444385894678386,0,1.9822712330395684,0,0,0,0,1,0
The Godfather,6.953516583041858,0,3.3126004392612596,0,2.0718820073061255,0,0,0,1,0,0
Spider-Man,6.8284033034891465,4,2.9876662649262746,4,2.2068258760318495,0,1,0,0,0,0
Shrek,6.584203292229977,2,3.6028193424326997,3,1.0791812460476249,0,0,0,0,1,0
Iron Man,6.666863406773613,2,3.512817758564873,2,1.7160033436347992,0,0,0,0,1,0
Captain America,5.731564592279403,0,3.072249897613515,0,1.414973347970818,0,0,0,0,1,0
Batman Begins,6.727145169058038,3,3.5643109099606027,4,2.2380461031287955,0,0,1,0,0,0
Wonder Woman,5.18122027113662,0,3.4934580509951885,3,2.041392685158225,1,0,0,0,0,0
Guardians of the Galaxy,5.842136624898042,3,3.064832219738574,1,1.7993405494535817,1,0,0,0,0,0
Coco,6.7442187163291765,3,3.037027879755775,3,2.164352855784437,0,0,0,1,0,0
Pirates of the Caribbean,6.7903651175371715,1,3.4308809464528913,1,1.3010299956639813,0,0,1,0,0,0
X-Men,6.670140421788048,3,3.4742162640762553,0,2.0211892990699383,0,0,1,0,0,0
The Matrix,6.09724654766644,1,3.5666731376061165,2,2.1583624920952498,0,0,0,0,1,0
Forrest Gump,5.8286135005813415,4,3.6422666189026733,1,2.1398790864012365,0,0,1,0,0,0
Jaws,6.5793227714881475,1,3.4779889762508893,3,1.7634279935629373,0,0,0,0,1,0
Interstellar,6.110621355410874,2,3.614158709509175,3,1.8808135922807914,1,0,0,0,0,0
Deadpool,6.926772103227801,0,3.5046067706419537,0,1.9637878273455553,0,0,0,0,0,1
Mad Max,5.408513009975108,4,3.278753600952829,0,2.037426497940624,1,0,0,0,0,0
The Hunger Games,4.970844123680859,2,3.4581844355702627,2,1.6812412373755872,1,0,0,0,0,0
The Avengers,6.6137991300039065,4,3.6050894618815805,2,2.167317334748176,0,0,0,0,1,0
Titanic,4.703463341883293,4,3.469527479187014,3,2.0211892990699383,0,1,0,0,0,0
Jurassic Park,6.57272991083568,1,3.6527296960692475,3,2.2095150145426308,1,0,0,0,0,0
Avatar,5.125624380373656,0,3.3044905277734875,3,1.9138138523837167,0,0,1,0,0,0
The Lion King,6.6896799379559395,2,2.870403905279027,2,2.146128035678238,0,0,1,0,0,0
Star Wars,6.926712057090693,1,3.4858633295973345,3,2.1931245983544616,0,0,0,1,0,0
Frozen,5.566708473392467,2,3.4114513421379375,0,1.7853298350107671,0,0,0,0,0,1
Inception,6.960614931764419,4,3.594834355583318,4,1.591064607026499,0,0,0,0,0,1
The Dark Knight,4.953121549360345,0,2.8965262174895554,2,2.110589710299249,0,0,0,0,0,1
Harry Potter,6.900433824611888,1,3.4442009888641594,4,1.7781512503836436,0,0,0,1,0,0
Toy Story,5.782165786362199,4,2.9907826918031377,1,1.8195439355418688,1,0,0,0,0,0
Finding Nemo,6.717641049849032,3,2.845098040014257,1,1.7160033436347992,1,0,0,0,0,0
Black Panther,6.00523973044109,0,3.343014497150768,3,0.47712125471966244,0,0,1,0,0,0
The Godfather,6.557572040479671,4,3.0595634179012676,2,2.2355284469075487,0,0,0,0,1,0
Spider-Man,5.342726580607018,2,3.0132586652835167,2,1.4771212547196624,0,0,0,0,1,0
Shrek,5.946345643438993,3,2.9190780923760737,1,2.0211892990699383,0,0,0,0,1,0
Iron Man,6.314087052656415,1,3.6466977312993345,0,2.187520720836463,0,0,1,0,0,0
Captain America,4.886338413388837,0,3.5153438930883807,3,2.1072099696478683,0,1,0,0,0,0
Batman Begins,6.268576801906908,3,3.6001012556913907,3,2.2174839442139063,1,0,0,0,0,0
Wonder Woman,5.554421315120436,2,3.4122925093230463,4,2.2380461031287955,0,0,0,0,0,1
Guardians of the Galaxy,6.768417642702065,3,3.019116290447073,3,2.0718820073061255,0,0,0,0,0,1
Coco,6.7867771810053235,1,3.369957607346053,2,2.0293837776852097,0,0,0,0,0,1
Pirates of the Caribbean,5.6845132326981505,0,3.417803722639881,4,1.9731278535996986,0,0,0,0,1,0
X-Men,6.40053073669988,4,2.342422680822206,0,1.7634279935629373,0,0,1,0,0,0
The Matrix,6.951367879485357,1,3.482873583608754,3,2.0043213737826426,0,1,0,0,0,0
Forrest Gump,4.832808983144563,3,3.1408221801093106,0,1.9030899869919435,0,0,0,0,0,1
Jaws,5.787227324043323,1,2.968015713993642,4,2.1818435879447726,0,0,1,0,0,0
Interstellar,6.981382010142035,4,3.198931869932209,4,1.845098040014257,0,0,0,0,0,1
Deadpool,6.579693185381529,1,3.3098430047160705,1,2.0086001717619175,0,0,0,0,0,1
Mad Max,6.870913229422515,2,3.392345155361204,3,2.0644579892269186,0,0,1,0,0,0
The Hunger Games,5.982122371191944,0,2.926342446625655,3,2.113943352306837,0,0,1,0,0,0
The Avengers,5.994833422913977,4,3.3068537486930087,3,2.2405492482826,0,0,0,0,0,1
Titanic,4.936654463260244,4,3.04688519083771,4,1.968482948553935,0,0,1,0,0,0
Jurassic Park,6.769193524488336,4,3.5056925074122,0,1.8920946026904804,0,0,0,0,0,1
Avatar,6.682545868883447,3,2.786041210242554,1,2.060697840353612,0,0,0,0,0,1
The Lion King,5.811512001792566,1,3.0856472882968564,2,1.9590413923210936,0,0,0,0,1,0
Star Wars,6.280230659054198,0,3.5861370252307934,2,1.9912260756924949,0,1,0,0,0,0
Frozen,6.5867362443871915,3,3.502700175310563,4,2.250420002308894,0,0,0,1,0,0
Inception,5.732068721607045,2,2.4608978427565478,3,2.2405492482826,0,0,1,0,0,0
The Dark Knight,4.972966118095298,4,2.8109042806687006,4,2.113943352306837,1,0,0,0,0,0
Harry Potter,6.80258478319639,1,3.2650537885040145,4,1.5797835966168101,1,0,0,0,0,0
Toy Story,6.468115792698191,2,3.644635503768153,1,1.9867717342662448,0,0,0,0,1,0
Finding Nemo,6.984553910253585,0,3.473194909204938,0,1.7853298350107671,0,0,1,0,0,0
Black Panther,6.9654363824787895,2,2.9116901587538613,2,1.3979400086720377,0,1,0,0,0,0
The Godfather,6.383894859719339,0,3.5796692935547205,2,1.8692317197309762,0,0,0,0,1,0
Spider-Man,6.382165326119847,2,2.670245853074124,0,1.9867717342662448,0,1,0,0,0,0
Shrek,6.297129067245989,4,2.90848501887865,3,2.03342375548695,0,0,1,0,0,0
Iron Man,6.5702718882473174,1,2.8744818176994666,4,2.2095150145426308,1,0,0,0,0,0
Captain America,5.856034309711578,4,3.019116290447073,0,2.1931245983544616,0,0,0,0,0,1
Batman Begins,6.848723432398799,2,3.525692524505011,2,2.2278867046136734,0,0,1,0,0,0
Wonder Woman,5.912350677954933,4,3.396896449142524,1,1.462397997898956,0,0,0,1,0,0
Guardians of the Galaxy,5.519549746260464,2,3.217220655644519,1,1.5797835966168101,0,0,1,0,0,0
Coco,6.489653944894982,2,2.03342375548695,2,1.0791812460476249,1,0,0,0,0,0
Pirates of the Caribbean,6.055543836375975,3,3.2016701796465816,1,2.03342375548695,0,0,0,0,1,0
X-Men,6.692425458001497,4,2.4313637641589874,1,1.1139433523068367,0,0,0,0,0,1
The Matrix,6.391955206329357,0,3.6265456590271294,0,1.8808135922807914,1,0,0,0,0,0
Forrest Gump,5.576850224799104,1,3.5521813388393357,2,1.7634279935629373,1,0,0,0,0,0
Jaws,5.915199792053424,4,2.6473829701146196,4,1.9138138523837167,0,0,0,1,0,0
Interstellar,6.729435572134409,4,3.0773679052841563,0,2.247973266361807,1,0,0,0,0,0
Deadpool,5.172734250411153,3,3.5947239464097467,0,1.6989700043360187,0,0,0,0,1,0
Mad Max,6.677850764343683,4,2.649334858712142,0,2.2121876044039577,0,0,0,1,0,0
The Hunger Games,6.85387244204543,2,3.5224442335063197,3,2.130333768495006,0,0,0,0,1,0
The Avengers,6.911167573419292,4,3.2641091563058082,4,1.2304489213782739,1,0,0,0,0,0
Titanic,4.634305936921273,0,3.5317343092765503,1,2.2430380486862944,0,0,1,0,0,0
Jurassic Park,4.763105897206912,3,3.123851640967086,1,1.8260748027008264,0,0,0,0,0,1
Avatar,6.498388719761617,2,3.3896975482063856,2,2.0755469613925306,0,0,0,1,0,0
The Lion King,4.3582204731086795,1,3.4742162640762553,0,2.2068258760318495,0,1,0,0,0,0
Star Wars,5.909648547643653,0,3.623042434246382,2,1.968482948553935,1,0,0,0,0,0
Frozen,4.7751150771668,2,2.8407332346118066,0,2.0453229787866576,0,0,1,0,0,0
Inception,5.797999751885018,0,3.5984622004741507,4,2.2430380486862944,0,0,0,0,1,0
The Dark Knight,6.756218802576119,0,3.3273589343863303,4,1.8808135922807914,0,0,0,0,0,1
Harry Potter,6.909630366392284,1,3.514813294999285,3,2.060697840353612,0,0,1,0,0,0
Toy Story,5.684183545581763,1,2.924795995797912,2,2.0492180226701815,0,0,1,0,0,0
Finding Nemo,6.4740031451718245,2,2.850033257689769,3,2.1072099696478683,0,0,1,0,0,0
Black Panther,6.946128634373983,2,3.446847710155809,4,1.9822712330395684,0,0,1,0,0,0
The Godfather,5.981521428165492,3,3.500785172917456,2,1.3424226808222062,0,1,0,0,0,0
Spider-Man,6.498061210979839,0,3.6485551556626707,4,1.6434526764861874,0,0,0,0,0,1
Shrek,5.908918025095854,1,3.527887565952705,3,1.3617278360175928,0,0,1,0,0,0
Iron Man,5.615909038860865,3,3.0655797147284485,0,0.6989700043360189,0,0,0,0,1,0
Captain America,6.787718636497688,3,3.463594402187,3,0.6020599913279624,1,0,0,0,0,0
Batman Begins,6.964151915581014,0,3.2041199826559246,4,2.110589710299249,0,0,0,0,1,0
Wonder Woman,5.903596187810453,3,3.081707270097349,2,2.2041199826559246,0,1,0,0,0,0
Guardians of the Galaxy,5.882170924999461,3,3.527114111639805,4,1.591064607026499,0,0,0,0,1,0
Coco,4.58813719481919,1,3.1277525158329733,2,1.5440680443502757,0,0,1,0,0,0
Pirates of the Caribbean,5.626923142303309,2,2.682145076373832,3,1.9822712330395684,1,0,0,0,0,0
X-Men,6.748727767681954,4,3.5436956323092446,1,1.6127838567197355,1,0,0,0,0,0
The Matrix,6.9034706420966705,2,3.166430113843283,4,2.230448921378274,0,0,0,0,0,1
Forrest Gump,6.81035425128957,1,3.037426497940624,4,1.8129133566428555,0,1,0,0,0,0
Jaws,6.973143654239158,2,3.4631461367263494,2,2.1931245983544616,0,1,0,0,0,0
Interstellar,6.943582256291956,3,3.630122642859312,2,2.0969100130080562,0,0,0,1,0,0
Deadpool,5.252566641886719,2,3.219322508419337,2,1.806179973983887,1,0,0,0,0,0
Mad Max,6.9379579813805226,0,2.741939077729199,1,1.724275869600789,0,0,0,1,0,0
The Hunger Games,4.194708551575123,0,3.5603849229720157,2,2.0969100130080562,0,0,0,1,0,0
The Avengers,6.817467196013018,0,3.382917135087531,2,2.230448921378274,0,0,0,0,1,0
Titanic,5.888813337065345,2,3.4690852991231202,1,2.247973266361807,0,1,0,0,0,0
Jurassic Park,5.600429415553805,4,3.5622928644564746,4,2.214843848047698,0,0,0,0,1,0
Avatar,6.918289315162004,1,2.984077033902831,1,1.7781512503836436,1,0,0,0,0,0
The Lion King,5.87830976668332,0,3.3705130895985924,1,1.7558748556724915,0,0,1,0,0,0
Star Wars,5.300180118926397,0,3.6414741105040997,1,1.7993405494535817,0,0,0,0,1,0
Frozen,6.659684070840124,0,3.584557360525675,2,0.3010299956639812,0,0,1,0,0,0
Inception,5.973274287793579,2,3.5330090224954853,1,1.6334684555795864,0,0,0,0,0,1
The Dark Knight,6.5385594078845415,4,3.1699681739968923,3,1.8750612633917,0,0,0,0,1,0
Harry Potter,6.919280123122819,4,2.739572344450092,2,2.184691430817599,1,0,0,0,0,0
Toy Story,6.617804718971497,4,2.3654879848909,0,1.568201724066995,0,1,0,0,0,0
Finding Nemo,5.600012904532734,1,3.345177616542704,0,2.0043213737826426,0,0,0,0,0,1
Black Panther,6.9679421722215995,1,3.610766594773271,0,1.9084850188786497,0,0,0,1,0,0
The Godfather,5.934332276566796,1,3.4245549766067134,2,1.6334684555795864,1,0,0,0,0,0
Spider-Man,6.446356328721655,0,3.344588742578714,3,1.5563025007672873,0,0,0,0,0,1
Shrek,3.7198282862543346,2,3.371437317404101,2,2.1958996524092336,0,1,0,0,0,0
Iron Man,5.96280530566701,3,3.4396484295634737,1,1.7781512503836436,0,0,1,0,0,0
Captain America,5.31120269895076,3,3.3500540935790304,4,0.6020599913279624,0,0,0,0,1,0
Batman Begins,6.935695100387441,4,3.3634239329171765,1,2.1367205671564067,0,0,0,1,0,0
Wonder Woman,3.6143698395482886,4,3.4367985102318035,4,1.6334684555795864,0,0,1,0,0,0
Guardians of the Galaxy,6.779294977589997,0,3.2782962080912736,1,2.220108088040055,1,0,0,0,0,0
Coco,6.8641103010606885,4,3.3203540328176717,3,2.1931245983544616,1,0,0,0,0,0
Pirates of the Caribbean,6.985501200437432,2,3.215373152783422,1,1.5440680443502757,0,0,0,0,0,1
X-Men,6.791363015508924,0,3.452859335795852,3,1.8920946026904804,1,0,0,0,0,0
The Matrix,6.7787896281547,3,3.4363217001397333,0,2.2380461031287955,1,0,0,0,0,0
Forrest Gump,6.644871092846812,0,3.6309361190641916,3,1.3617278360175928,0,1,0,0,0,0
Jaws,4.3202917192395605,1,3.425044874551389,2,2.2013971243204513,1,0,0,0,0,0
Interstellar,5.424799994656599,3,3.5122840632818537,2,1.3222192947339193,0,0,0,0,1,0
Deadpool,6.815373236461805,0,3.4575791469957626,1,2.1335389083702174,1,0,0,0,0,0
Mad Max,5.515022958709678,1,3.575303333422399,2,1.8976270912904414,0,0,0,0,0,1
The Hunger Games,6.777852642676473,1,3.0211892990699383,2,2.2013971243204513,0,1,0,0,0,0
The Avengers,6.780445420918949,2,2.9439888750737717,4,2.173186268412274,0,1,0,0,0,0
Titanic,5.841075271297753,1,3.26528962586083,2,1.5185139398778875,0,0,0,0,0,1
Jurassic Park,5.240928466356565,0,3.240798771117331,3,1.9395192526186185,0,1,0,0,0,0
Avatar,6.857563998124047,2,3.646893624167745,4,1.8864907251724818,0,0,0,0,0,1
The Lion King,3.9988693638823443,2,3.269045709657623,4,1.806179973983887,0,1,0,0,0,0
Star Wars,5.47036197195602,0,3.426673888021373,1,2.2355284469075487,0,0,1,0,0,0
Frozen,6.903613267899762,2,2.821513528404773,0,1.3617278360175928,1,0,0,0,0,0
Inception,5.209606153203629,0,2.926342446625655,1,1.8750612633917,0,0,1,0,0,0
The Dark Knight,3.9429005411402938,2,3.3651134316275773,2,2.03342375548695,1,0,0,0,0,0
Harry Potter,6.855158668877125,2,2.5428254269591797,0,1.568201724066995,0,0,0,0,0,1
Toy Story,6.015428499287769,3,3.146128035678238,1,1.8573324964312685,0,0,0,1,0,0
Finding Nemo,6.1413823506122025,3,3.643353961976863,1,1.8976270912904414,0,0,1,0,0,0
Black Panther,5.210155260780582,2,2.9708116108725178,4,2.161368002234975,0,0,0,1,0,0
The Godfather,6.948746188268649,4,3.511749711344983,1,1.3979400086720377,0,0,0,0,1,0
Spider-Man,5.853226557683013,0,3.2038484637462346,2,2.2355284469075487,0,1,0,0,0,0
Shrek,6.683803151304836,3,3.4820155764507117,4,1.9912260756924949,0,0,0,0,1,0
Iron Man,5.575531910078376,0,2.9916690073799486,2,2.100370545117563,1,0,0,0,0,0
Captain America,5.969350670085162,2,3.064832219738574,0,1.8864907251724818,0,0,0,0,0,1
Batman Begins,6.582025843704958,1,1.7403626894942439,4,1.6127838567197355,0,1,0,0,0,0
Wonder Woman,5.8726148087953725,3,3.277150613963797,2,1.146128035678238,0,0,1,0,0,0
Guardians of the Galaxy,6.475267208298014,2,3.545307116465824,1,1.0791812460476249,0,0,0,0,0,1
Coco,6.987953644175192,1,3.4784221877400805,1,1.255272505103306,0,0,0,1,0,0
Pirates of the Caribbean,6.970038203587796,3,3.2530955858490316,2,1.7481880270062005,0,0,0,0,1,0
X-Men,4.420945405921972,1,3.0285712526925375,1,2.184691430817599,0,0,0,0,0,1
The Matrix,5.405469304638569,0,3.236033147117636,1,2.146128035678238,0,0,0,0,1,0
Forrest Gump,6.879507718903966,4,2.6541765418779604,3,1.99563519459755,1,0,0,0,0,0
Jaws,5.356427441692355,0,3.172310968521954,0,1.2787536009528289,0,0,0,0,1,0
Interstellar,4.791487135431221,2,1.2304489213782739,0,2.2278867046136734,0,0,0,0,0,1
Deadpool,4.9896678001409684,3,3.527887565952705,3,0.9030899869919435,1,0,0,0,0,0
Mad Max,6.954652386463067,1,3.2586372827240764,3,1.8388490907372552,0,1,0,0,0,0
The Hunger Games,6.766441179441228,4,1.9395192526186185,2,2.164352855784437,0,0,0,1,0,0
The Avengers,5.711894922373653,2,3.6101276130759956,1,1.2304489213782739,1,0,0,0,0,0
Titanic,6.815711801113202,3,3.1878026387184195,4,1.5440680443502757,0,0,1,0,0,0
Jurassic Park,4.566790912381592,2,3.5439439424829065,2,1.7481880270062005,0,0,1,0,0,0
Avatar,6.30799615122499,4,3.2332500095411003,2,2.2095150145426308,0,1,0,0,0,0
The Lion King,4.353223576097456,4,3.4282968139828798,2,2.1789769472931693,0,0,0,1,0,0
Star Wars,6.972192142935499,2,3.6051972673883776,3,2.110589710299249,0,0,0,0,0,1
Frozen,6.23411519788185,4,3.491781775584166,2,2.130333768495006,0,1,0,0,0,0
Inception,6.451011841605069,1,3.070037866607755,4,1.0791812460476249,0,0,1,0,0,0
The Dark Knight,5.644580376763223,0,3.6400837313731205,4,2.1789769472931693,0,0,0,0,1,0
Harry Potter,6.288244305627227,3,3.2979792441593623,4,1.8388490907372552,1,0,0,0,0,0
Toy Story,5.265744430171642,3,3.080987046910887,3,1.8512583487190752,1,0,0,0,0,0
Finding Nemo,6.541835377186931,0,3.481012420956573,0,1.9731278535996986,0,1,0,0,0,0
Black Panther,5.800332089797309,2,3.373095987078727,3,2.1702617153949575,0,0,0,0,1,0
The Godfather,6.395311362899634,3,3.5678494505731067,2,1.6127838567197355,0,1,0,0,0,0
Spider-Man,4.843849200594609,0,3.0511525224473814,4,1.6989700043360187,0,0,0,0,0,1
Shrek,6.623235951148246,0,2.828015064223977,3,1.9822712330395684,0,0,0,1,0,0
Iron Man,6.172164621381772,0,2.1986570869544226,2,2.0211892990699383,0,0,0,0,1,0
Captain America,4.498282978661371,4,3.597804842404293,0,1.9084850188786497,0,0,0,1,0,0
Batman Begins,6.4816204664927675,3,2.845098040014257,1,2.0755469613925306,0,0,0,0,1,0
Wonder Woman,6.410558428775373,3,3.5389505620143615,0,1.954242509439325,0,0,0,0,1,0
Guardians of the Galaxy,5.344083638099491,2,3.632963168167261,3,2.060697840353612,0,0,1,0,0,0
Coco,5.091170840147202,0,3.3836358683618797,3,1.8976270912904414,0,0,0,0,1,0
Pirates of the Caribbean,6.7473982893862505,4,2.727541257028556,2,2.2430380486862944,0,0,0,0,0,1
X-Men,6.575506634031389,1,3.4446692309385245,4,1.7403626894942439,0,0,0,1,0,0
The Matrix,6.8333134001921865,2,3.491921712586151,0,1.7558748556724915,0,1,0,0,0,0
Forrest Gump,5.863382348440788,1,3.0870712059065353,0,2.093421685162235,0,0,1,0,0,0
Jaws,4.902796739234403,1,3.636989101812229,3,1.414973347970818,0,0,1,0,0,0
Interstellar,5.78832678192784,0,3.179838928023187,2,1.8573324964312685,0,0,0,1,0,0
Deadpool,6.8414270499287,3,3.3506356082589543,1,1.4913616938342726,0,0,1,0,0,0
Mad Max,6.987652905250619,4,3.3963737275365067,4,2.2095150145426308,1,0,0,0,0,0
The Hunger Games,6.932067895331863,3,3.1095785469043866,0,1.8864907251724818,0,0,0,0,1,0
The Avengers,5.420909158284144,3,2.6201360549737576,3,1.9444826721501687,1,0,0,0,0,0
Titanic,5.141289823237604,4,3.137354111370733,4,2.187520720836463,0,0,0,0,0,1
Jurassic Park,6.859658478269844,4,3.307709923404807,0,1.9590413923210936,0,0,0,0,1,0
Avatar,5.969991948914347,1,3.5466660250701842,0,1.5314789170422551,0,1,0,0,0,0
The Lion King,6.67411025514823,4,3.623352681537992,3,1.6720978579357175,0,0,0,0,1,0
Star Wars,5.987731493560829,2,3.5588285248170117,4,2.161368002234975,1,0,0,0,0,0
Frozen,5.453137856250748,4,3.074084689028244,2,2.0718820073061255,0,1,0,0,0,0
Inception,6.932267273510514,2,3.39776625612645,2,2.130333768495006,0,0,0,0,0,1
The Dark Knight,5.678792344263639,3,3.425044874551389,3,2.093421685162235,0,1,0,0,0,0
Harry Potter,5.792540164809024,0,3.1975562131535367,3,1.9731278535996986,1,0,0,0,0,0
Toy Story,6.968554157671079,2,3.26528962586083,0,1.255272505103306,0,0,0,0,0,1
Finding Nemo,6.840973064378733,3,3.450249108319361,4,1.8864907251724818,0,1,0,0,0,0
Black Panther,6.247979400421339,1,2.9858753573083936,2,2.2355284469075487,0,1,0,0,0,0
The Godfather,3.601625479553945,3,3.569958818096594,1,1.8976270912904414,0,0,0,0,0,1
Spider-Man,6.170664717961302,0,3.613418945034573,4,1.7075701760979363,0,1,0,0,0,0
Shrek,6.493591037673945,0,3.5005109105263372,0,2.1789769472931693,0,1,0,0,0,0
Iron Man,6.588531533336459,1,3.638289535414257,2,2.0086001717619175,0,0,0,1,0,0
Captain America,6.995110258517075,1,3.3372595397502756,0,1.3424226808222062,0,0,0,0,1,0
Batman Begins,6.9953029419283235,4,3.161368002234975,3,2.1271047983648077,0,0,1,0,0,0
Wonder Woman,6.66744267913553,1,3.581722159949099,2,2.100370545117563,0,0,0,1,0,0
Guardians of the Galaxy,6.629259711059891,1,2.951823035315912,3,2.187520720836463,0,0,0,0,1,0
Coco,5.979548374704095,3,3.6245914591268478,2,1.380211241711606,0,0,1,0,0,0
Pirates of the Caribbean,6.942024233292454,2,3.1755118133634475,4,1.7323937598229686,0,0,0,1,0,0
X-Men,5.541449435393423,3,2.800717078282385,0,2.173186268412274,0,0,1,0,0,0
The Matrix,5.892158071861355,3,3.5170638734826545,3,1.8920946026904804,0,0,1,0,0,0
Forrest Gump,6.797467048810481,3,3.151982395457474,3,1.7075701760979363,0,0,0,1,0,0
Jaws,5.944813202365281,4,3.5626496722119168,0,2.1492191126553797,0,0,0,0,0,1
Interstellar,6.628056593193105,1,3.3267453795653217,3,2.1702617153949575,0,0,0,0,0,1
Deadpool,6.902799998630887,3,3.517591730711908,0,1.5797835966168101,0,1,0,0,0,0
Mad Max,5.091979818229391,4,2.9595183769729982,2,2.0827853703164503,0,0,0,1,0,0
The Hunger Games,6.881443947331145,2,3.1316186643491255,4,2.184691430817599,0,0,1,0,0,0
The Avengers,4.115976429454817,1,3.463743721247059,0,1.5797835966168101,0,0,0,0,1,0
Titanic,5.884564282732077,2,3.644635503768153,4,1.3010299956639813,0,0,0,0,1,0
Jurassic Park,6.412079175317999,3,3.5094713521025485,1,1.8750612633917,0,0,0,0,1,0
Avatar,5.846995478414359,2,2.651278013998144,1,2.0043213737826426,1,0,0,0,0,0
The Lion King,6.792412773283088,2,3.625312450961674,0,2.225309281725863,0,1,0,0,0,0
Star Wars,5.338641726513316,1,2.795184589682424,3,2.161368002234975,0,0,0,0,1,0
Frozen,6.58753485488717,4,3.204662511748219,4,1.9395192526186185,0,0,0,0,1,0
Inception,6.657877842501925,0,3.131297796597623,1,2.173186268412274,0,0,0,0,0,1
The Dark Knight,6.899886243290823,3,3.353531559077762,4,2.0170333392987803,0,0,1,0,0,0
Harry Potter,5.9029341558926856,4,3.290034611362518,0,1.0,0,0,0,0,1,0
Toy Story,6.715271358504947,3,3.3600250891893975,0,1.9777236052888478,0,0,0,1,0,0
Finding Nemo,5.542054461432741,0,3.3531465462139796,0,1.9395192526186185,0,0,0,0,1,0
Black Panther,6.356770406713447,2,3.638089721984506,4,2.167317334748176,0,0,0,0,1,0
The Godfather,6.860732406432091,4,2.6766936096248664,4,2.155336037465062,1,0,0,0,0,0
Spider-Man,6.919932758662082,1,3.1746411926604483,0,1.7993405494535817,0,0,1,0,0,0
Shrek,6.983297036582898,3,2.1172712956557644,0,2.1583624920952498,0,0,0,0,0,1
Iron Man,5.952352115455734,4,2.571708831808688,4,1.99563519459755,0,0,0,0,0,1
Captain America,4.949950811432368,2,3.3481100684802376,1,2.1760912590556813,0,0,0,0,0,1
Batman Begins,5.2697393720886,1,3.4818724103106633,1,1.968482948553935,0,0,0,0,1,0
Wonder Woman,6.766537986207186,3,3.645520514905874,0,2.1367205671564067,0,0,0,0,1,0
Guardians of the Galaxy,5.210856037888097,1,3.4303975913869666,2,2.0086001717619175,0,0,0,0,0,1
Coco,4.808102892420484,4,3.1119342763326814,4,1.8573324964312685,0,0,0,0,1,0
Pirates of the Caribbean,6.787681957811272,1,3.4126285205443754,3,1.4471580313422192,0,1,0,0,0,0
X-Men,6.493570966822287,1,3.229425847920695,1,1.0,0,1,0,0,0,0
The Matrix,6.616836558143387,0,2.2278867046136734,3,1.8692317197309762,0,1,0,0,0,0
Forrest Gump,6.692636063495374,0,3.584331224367531,3,2.1702617153949575,0,1,0,0,0,0
Jaws,6.351842477210155,0,2.7024305364455254,2,2.2095150145426308,1,0,0,0,0,0
Interstellar,5.830864425473598,1,1.9590413923210936,4,1.2787536009528289,0,0,0,1,0,0
Deadpool,6.652236474958707,0,3.5660837841679958,2,1.4771212547196624,0,0,0,0,1,0
Mad Max,5.697813241837058,4,2.2764618041732443,2,0.0,1,0,0,0,0,0
The Hunger Games,6.7443903167796515,0,3.5591881890047756,1,2.184691430817599,1,0,0,0,0,0
The Avengers,5.090497889414497,0,3.2415464805965484,0,2.1522883443830563,0,0,0,0,0,1
Titanic,5.757790662606551,3,3.6276730317666157,0,1.1139433523068367,1,0,0,0,0,0
Jurassic Park,6.402860038043307,2,2.6989700043360187,4,1.9912260756924949,0,0,0,0,1,0
Avatar,6.814958337572611,3,3.6469915374771222,3,2.184691430817599,0,1,0,0,0,0
The Lion King,6.874521592381987,1,3.4652340949880145,3,1.6020599913279623,0,0,1,0,0,0
Star Wars,5.778775461808935,4,3.460747541844197,2,1.8692317197309762,0,0,0,1,0,0
Frozen,5.294391265315117,3,3.4192947217534604,4,1.9242792860618816,0,0,0,0,1,0
Inception,6.767078725562115,1,3.518382315545344,1,2.155336037465062,0,0,0,1,0,0
The Dark Knight,5.435599130518455,4,3.5375672571526753,1,1.7634279935629373,0,0,0,0,0,1
Harry Potter,4.9915317468642595,4,2.7234556720351857,4,2.089905111439398,0,0,0,1,0,0
Toy Story,6.776766468502554,3,3.2846562827885157,2,1.8750612633917,0,0,1,0,0,0
Finding Nemo,6.51619481169731,4,1.568201724066995,2,1.462397997898956,1,0,0,0,0,0
Black Panther,6.891974486953524,1,3.5671440451956573,1,1.8195439355418688,0,1,0,0,0,0
The Godfather,5.86421314305169,3,3.529045170765769,4,1.9731278535996986,0,0,0,0,1,0
Spider-Man,6.6017261077074,0,3.2880255353883627,1,2.110589710299249,0,0,0,0,1,0
Shrek,6.330453750954425,0,2.413299764081252,2,1.6334684555795864,0,0,0,1,0,0
Iron Man,6.4685092004981675,1,3.295567099962479,1,2.2355284469075487,0,0,0,1,0,0
Captain America,5.467445307125425,4,3.4008832155483626,0,1.954242509439325,0,0,0,0,0,1
Batman Begins,6.9237746944254015,0,3.5070458724273257,4,2.1958996524092336,0,0,0,1,0,0
Wonder Woman,6.657182583305052,3,3.385963570600697,2,2.113943352306837,0,0,1,0,0,0
Guardians of the Galaxy,5.914307184832176,4,3.02201573981772,1,1.8920946026904804,0,1,0,0,0,0
Coco,5.737192642704737,2,2.5854607295085006,0,1.4471580313422192,0,0,0,0,1,0
Pirates of the Caribbean,5.378864652893609,0,3.0472748673841794,0,2.2068258760318495,0,0,0,1,0,0
X-Men,6.947626856651084,4,3.62879748556671,0,2.2095150145426308,0,0,0,0,0,1
The Matrix,5.931931064987256,2,3.620656479819621,4,1.8195439355418688,0,0,1,0,0,0
Forrest Gump,5.94478509241875,4,3.214578953570499,2,2.2430380486862944,0,0,0,0,0,1
Jaws,5.12627755508206,1,3.491921712586151,4,1.6901960800285136,0,1,0,0,0,0
Interstellar,6.259232533191854,3,3.190051417759206,3,1.9777236052888478,0,0,0,0,0,1
Deadpool,2.968015713993642,1,2.7649229846498886,3,1.9444826721501687,0,1,0,0,0,0
Mad Max,6.757208072244822,4,3.6216954623292787,4,1.99563519459755,0,1,0,0,0,0
The Hunger Games,6.409988547261541,4,3.5328817194073974,2,1.7323937598229686,0,0,0,0,1,0
The Avengers,6.308811901556131,2,2.720159303405957,0,2.2278867046136734,0,0,0,0,1,0
Titanic,5.255937913292883,0,3.511214701136388,0,1.954242509439325,1,0,0,0,0,0
Jurassic Park,5.6096136159274685,2,3.4459154139511234,2,2.060697840353612,0,0,1,0,0,0
Avatar,5.886371136721675,4,3.401400540781544,4,2.214843848047698,0,0,1,0,0,0
The Lion King,5.965910673570717,0,3.1085650237328344,0,2.1492191126553797,0,0,0,0,1,0
Star Wars,6.869475149846762,2,3.601842789782098,0,2.2278867046136734,1,0,0,0,0,0
Frozen,5.924018631168449,2,3.2329961103921536,2,1.9867717342662448,0,0,0,1,0,0
Inception,5.9932946759296595,4,3.5900612308037427,3,1.591064607026499,0,0,1,0,0,0
The Dark Knight,4.723447462232032,4,2.9703468762300935,3,2.1931245983544616,0,0,1,0,0,0
Harry Potter,5.659351345101487,2,3.6062738531699883,3,1.255272505103306,0,1,0,0,0,0
Toy Story,4.857995495560924,0,3.394976719554564,0,1.9395192526186185,0,0,0,1,0,0
Finding Nemo,3.966939163021113,2,3.392696953259666,3,2.2174839442139063,0,0,1,0,0,0
Black Panther,5.548391875237605,0,2.5809249756756194,3,2.1903316981702914,0,0,1,0,0,0
The Godfather,6.986531104290638,2,3.1547282074401557,1,2.037426497940624,0,1,0,0,0,0
Spider-Man,6.963859857608796,4,3.5368108659915416,3,1.5185139398778875,0,1,0,0,0,0
Shrek,6.961878547232105,4,3.58983794314746,2,1.380211241711606,0,0,0,0,1,0
Iron Man,6.574651460452422,4,2.509202522331103,0,2.1903316981702914,0,0,0,0,0,1
Captain America,5.924904426780576,2,3.3847117429382823,3,1.255272505103306,1,0,0,0,0,0
Batman Begins,5.758597785437972,4,3.5207454715194824,0,2.0755469613925306,0,0,0,1,0,0
Wonder Woman,6.639099535861514,3,3.4171394097273255,4,2.0293837776852097,0,0,0,0,0,1
Guardians of the Galaxy,5.973213779964322,2,3.1142772965615864,0,1.806179973983887,1,0,0,0,0,0
Coco,6.406894113910034,4,3.6034691597338386,4,2.0755469613925306,0,0,1,0,0,0
Pirates of the Caribbean,6.938703210852827,3,3.4553017716570764,1,2.12057393120585,0,0,1,0,0,0
X-Men,5.929454178776689,0,3.0711452904510828,4,0.8450980400142568,0,0,0,0,0,1
The Matrix,6.4063672797860995,0,3.6500159524718385,0,2.0718820073061255,1,0,0,0,0,0
Forrest Gump,6.831644061596582,3,2.8692317197309762,4,2.0253058652647704,0,0,1,0,0,0
Jaws,5.975157817854221,1,3.267406418752904,4,2.1072099696478683,0,0,0,1,0,0
Interstellar,5.500137635505008,2,3.6469915374771222,1,1.9822712330395684,0,0,0,0,1,0
Deadpool,5.965866044323911,3,3.6386888866901237,1,1.505149978319906,0,1,0,0,0,0
Mad Max,6.784192132076188,4,3.2065560440990297,2,1.8325089127062364,1,0,0,0,0,0
The Hunger Games,5.888369350905893,4,3.462996612028056,3,2.1789769472931693,1,0,0,0,0,0
The Avengers,5.13685368812606,1,3.4683473304121573,1,1.5797835966168101,0,0,0,0,0,1
Titanic,6.5673285017505,1,3.6481647785740012,1,2.1903316981702914,0,0,0,1,0,0
Jurassic Park,6.795740186756122,4,3.5532760461370994,2,1.380211241711606,0,0,0,1,0,0
Avatar,6.6785916657405044,2,3.230704313612569,3,1.255272505103306,1,0,0,0,0,0
The Lion King,5.736680095600385,3,3.2076343673889616,3,2.24551266781415,0,0,0,0,1,0
Star Wars,5.986481062666027,2,3.49996186559619,2,2.2041199826559246,0,0,0,1,0,0
Frozen,3.6623800200162475,1,3.433289685195026,2,1.7403626894942439,0,0,0,0,0,1
Inception,6.924900503083791,1,3.2523675144598987,4,1.3979400086720377,0,0,0,0,1,0
The Dark Knight,5.567379307650978,4,3.5375672571526753,0,1.6127838567197355,0,0,0,1,0,0
Harry Potter,5.652860109756841,2,2.8363241157067516,3,2.0863598306747484,0,1,0,0,0,0
Toy Story,6.781367279417806,1,3.496376054012401,0,1.7634279935629373,0,1,0,0,0,0
Finding Nemo,5.67773466761096,0,3.3418300569205104,4,2.2528530309798933,0,0,0,1,0,0
Black Panther,5.920803466517552,2,3.1132746924643504,3,2.123851640967086,0,0,0,0,1,0
The Godfather,4.784346219706213,0,3.17666993266815,0,1.591064607026499,0,0,0,1,0,0
Spider-Man,5.9111053836868415,0,3.539327063539375,1,1.0413926851582251,0,0,0,0,0,1
Shrek,6.485502662962608,0,3.2271150825891253,4,1.954242509439325,0,0,0,0,0,1
Iron Man,5.512210628864368,4,3.137670537236755,3,1.1760912590556813,0,0,0,0,1,0
Captain America,6.474468023594886,4,3.424718337331567,4,1.3424226808222062,0,0,1,0,0,0
Batman Begins,6.5492267312300365,2,2.935003151453655,4,1.8976270912904414,0,0,1,0,0,0
Wonder Woman,5.980675893359186,3,3.492620722043192,0,1.8976270912904414,0,0,1,0,0,0
Guardians of the Galaxy,6.485401974843857,2,1.0413926851582251,3,2.220108088040055,0,0,1,0,0,0
Coco,5.857905146165937,3,3.307923703611882,3,2.041392685158225,0,0,0,0,0,1
Pirates of the Caribbean,6.822292201828868,4,2.8494194137968996,4,1.9030899869919435,0,0,0,0,1,0
X-Men,6.484251281085256,1,3.6516656039229356,1,1.5440680443502757,0,0,1,0,0,0
The Matrix,5.405406129192354,3,3.6432552250247716,0,2.2528530309798933,1,0,0,0,0,0
Forrest Gump,5.277710041423315,1,3.4586378490256493,3,2.2430380486862944,0,1,0,0,0,0
Jaws,6.912103446580819,4,3.635081436010873,4,0.47712125471966244,0,0,1,0,0,0
Interstellar,5.556163745644334,4,3.2846562827885157,4,2.100370545117563,1,0,0,0,0,0
Deadpool,6.3617508718965565,0,3.395675785269936,3,1.8573324964312685,0,0,0,1,0,0
Mad Max,6.752834232293376,2,3.628695382714023,3,1.505149978319906,0,0,0,1,0,0
The Hunger Games,6.787839696660515,1,3.4811558708280352,2,2.0293837776852097,0,0,1,0,0,0
The Avengers,5.68056937105841,2,2.1398790864012365,1,1.2304489213782739,0,0,0,0,1,0
Titanic,4.957434875759574,2,3.5802405082653763,0,1.3617278360175928,0,0,0,1,0,0
Jurassic Park,6.09242762510266,2,3.2513948500401044,2,1.9084850188786497,0,0,0,0,0,1
Avatar,6.947147758074359,2,3.284205067701794,3,2.1398790864012365,0,0,0,1,0,0
The Lion King,5.721256474562276,3,3.404149249209695,0,1.8260748027008264,0,0,0,0,1,0
Star Wars,6.826272523725267,0,3.4255342204982635,4,2.1986570869544226,0,1,0,0,0,0
Frozen,5.887903547808935,3,3.3113299523037933,4,1.3424226808222062,1,0,0,0,0,0
Inception,6.609419909436266,3,2.271841606536499,1,1.7781512503836436,0,1,0,0,0,0
The Dark Knight,6.622868288423002,1,3.580582876814367,3,1.5185139398778875,0,0,1,0,0,0
Harry Potter,5.606656474459833,1,3.540454613671412,2,2.123851640967086,0,1,0,0,0,0
Toy Story,5.862281089652858,1,3.369772288596963,2,2.164352855784437,0,0,0,1,0,0
Finding Nemo,5.879098748014258,3,3.496237545166735,2,2.1492191126553797,1,0,0,0,0,0
Black Panther,5.657766022557354,3,3.4734869700645685,1,1.9912260756924949,0,1,0,0,0,0
The Godfather,6.31673294283204,3,3.445759836488631,2,2.225309281725863,0,0,1,0,0,0
Spider-Man,6.446430133535518,2,3.469822015978163,2,1.8573324964312685,1,0,0,0,0,0
Shrek,6.117665628358828,0,2.404833716619938,0,2.146128035678238,0,0,0,0,1,0
Iron Man,5.869562596477461,1,2.973589623427257,2,1.2304489213782739,0,0,0,1,0,0
Captain America,4.018201022496291,2,3.450557009418329,3,2.1931245983544616,0,0,0,0,0,1
Batman Begins,6.427549236254054,2,3.137354111370733,2,0.47712125471966244,0,0,0,1,0,0
Wonder Woman,5.09557729194259,3,2.9943171526696366,3,1.6334684555795864,0,1,0,0,0,0
Guardians of the Galaxy,6.964082150925905,1,2.7481880270062002,3,2.0791812460476247,0,0,0,0,0,1
Coco,6.806880455066729,3,3.130333768495006,4,2.2013971243204513,0,0,0,0,1,0
Pirates of the Caribbean,6.074168903232727,0,2.678518379040114,1,2.0827853703164503,1,0,0,0,0,0
X-Men,5.301772004990716,4,3.1482940974347455,1,2.093421685162235,0,1,0,0,0,0
The Matrix,6.841747221152098,0,2.988112840268352,3,1.9637878273455553,0,0,1,0,0,0
Forrest Gump,6.38222530981646,4,2.7427251313046983,3,1.7403626894942439,1,0,0,0,0,0
Jaws,6.9831087038808235,3,3.3121773564397787,2,1.3010299956639813,0,0,0,0,1,0
Interstellar,5.2306047285051145,0,2.1335389083702174,3,1.863322860120456,0,1,0,0,0,0
Deadpool,6.892749447979704,4,3.6324572921847245,2,1.6434526764861874,0,0,0,0,0,1
Mad Max,5.6824266895784925,4,3.1075491297446862,2,0.9542425094393249,0,0,0,1,0,0
The Hunger Games,5.835895307339745,4,3.609914410085998,0,1.3222192947339193,0,0,0,0,0,1
The Avengers,6.738958836228082,2,3.5931752634781025,4,1.414973347970818,0,0,1,0,0,0
Titanic,6.933799887592811,1,3.3703280077795106,1,2.0827853703164503,0,0,0,0,0,1
Jurassic Park,5.304602533730974,1,3.630224410752432,0,2.0086001717619175,1,0,0,0,0,0
Avatar,5.434589660259752,1,3.4367985102318035,3,2.1702617153949575,0,1,0,0,0,0
The Lion King,4.745629022467012,4,3.3727279408855955,4,1.7634279935629373,0,0,0,1,0,0
Star Wars,5.048488415841228,1,3.629919035503542,2,2.2041199826559246,0,0,0,0,0,1
Frozen,4.930959213802708,1,3.4551495211798278,2,1.568201724066995,0,1,0,0,0,0
Inception,6.9228007395557505,1,3.1501421618485588,3,2.1931245983544616,0,0,0,0,0,1
The Dark Knight,5.214539205459798,1,2.429752280002408,4,2.0530784434834195,0,0,0,0,1,0
Harry Potter,4.889256869794192,4,3.631545227834309,4,1.7160033436347992,0,0,0,0,1,0
Toy Story,5.771314767097013,0,2.9242792860618816,1,1.7075701760979363,0,0,0,0,1,0
Finding Nemo,4.844216147843321,4,3.511214701136388,2,2.0043213737826426,0,0,0,0,1,0
Black Panther,6.767991505375054,4,2.8998205024270964,2,2.0253058652647704,1,0,0,0,0,0
The Godfather,6.648662350346982,2,2.6866362692622934,2,2.164352855784437,1,0,0,0,0,0
Spider-Man,5.59177448776801,2,3.557025722386383,0,1.9912260756924949,0,0,0,1,0,0
Shrek,6.711700792769309,0,3.391816923613249,0,0.6020599913279624,0,0,1,0,0,0
Iron Man,6.7042120518365875,0,3.12515582958053,1,1.7993405494535817,0,0,1,0,0,0
Captain America,6.419194984645891,3,2.4345689040341987,2,2.0827853703164503,0,1,0,0,0,0
Batman Begins,6.711057740947292,2,2.3344537511509307,3,2.2278867046136734,0,0,0,1,0,0
Wonder Woman,5.91867710059701,4,2.7315887651867388,1,2.167317334748176,0,1,0,0,0,0
Guardians of the Galaxy,5.8666275508574985,1,3.643847310299714,4,2.1818435879447726,0,0,0,1,0,0
Coco,6.859271808808062,2,3.651181062444688,4,1.7634279935629373,0,0,0,1,0,0
Pirates of the Caribbean,5.950528901013212,4,3.5425764762605296,4,1.9242792860618816,0,1,0,0,0,0
X-Men,6.432033990428319,3,3.6485551556626707,4,2.220108088040055,0,0,0,1,0,0
The Matrix,5.6679196853173615,4,3.5931752634781025,0,2.220108088040055,1,0,0,0,0,0
Forrest Gump,6.23871334943603,2,3.5494937132150133,2,1.8512583487190752,0,0,0,0,1,0
Jaws,5.592690720020526,0,2.4345689040341987,3,2.2013971243204513,0,0,1,0,0,0
Interstellar,6.7942201374928946,3,3.5700757053216043,1,1.9493900066449128,0,0,0,0,0,1
Deadpool,6.670395788702701,0,3.373279893277496,3,2.250420002308894,0,0,0,0,1,0
Mad Max,4.92138990975242,0,3.5887197796000563,1,1.6434526764861874,0,0,0,0,1,0
The Hunger Games,6.914493996678226,0,3.3845326154942486,4,1.968482948553935,0,0,0,0,0,1
The Avengers,5.841208004182369,3,3.040602340114073,4,2.2174839442139063,0,0,0,0,0,1
Titanic,6.889260736797991,4,3.1818435879447726,0,2.0043213737826426,0,0,0,0,0,1
Jurassic Park,5.519519548307804,3,3.307496037913213,0,1.6020599913279623,0,0,1,0,0,0
Avatar,5.736046535110284,4,2.7972675408307164,3,2.100370545117563,0,0,0,1,0,0
The Lion King,6.629827686588725,1,2.089905111439398,0,1.2304489213782739,0,0,0,0,1,0
Star Wars,4.895687683093982,3,3.3382572302462554,3,1.7708520116421442,0,0,1,0,0,0
Frozen,5.254473150618528,4,3.208710019906401,0,2.1702617153949575,1,0,0,0,0,0
Inception,5.99237499185512,4,3.2990712600274095,3,0.47712125471966244,0,0,0,0,0,1
The Dark Knight,6.937291257550715,3,2.450249108319361,4,1.0,0,0,0,0,0,1
Harry Potter,4.451110681897474,1,3.4187982905903533,1,2.1818435879447726,0,0,0,0,0,1
Toy Story,6.526271025751347,1,3.5381965783494542,1,2.2227164711475833,0,0,0,0,1,0
Finding Nemo,5.504038391697817,2,3.3723595825243238,3,2.12057393120585,1,0,0,0,0,0
Black Panther,6.709074823918644,3,2.292256071356476,4,1.8325089127062364,1,0,0,0,0,0
The Godfather,4.965291091556521,2,3.2367890994092927,2,2.0253058652647704,0,0,1,0,0,0
Spider-Man,6.825258859467688,4,3.3330440298234874,3,1.9912260756924949,0,0,0,0,1,0
Shrek,6.7862367764185505,1,3.4566696294237578,2,2.113943352306837,0,0,0,0,0,1
Iron Man,6.85795243136036,2,3.137986732723532,4,1.9731278535996986,0,1,0,0,0,0
Captain America,5.49025493529262,4,3.592398846115564,3,1.2304489213782739,0,0,0,0,1,0
Batman Begins,5.021759711343,0,2.1367205671564067,0,1.9242792860618816,0,0,1,0,0,0
Wonder Woman,6.813954881210652,3,2.387389826338729,1,2.089905111439398,0,1,0,0,0,0
Guardians of the Galaxy,6.406125273652436,0,2.9965116721541785,3,2.0,0,0,1,0,0,0
Coco,6.563099545588651,0,3.2245330626060857,0,2.1072099696478683,0,0,0,0,0,1
Pirates of the Caribbean,6.906282664672062,4,3.6186755388851397,1,2.167317334748176,0,0,0,0,0,1
X-Men,6.702581651525093,2,1.954242509439325,4,1.0,0,1,0,0,0,0
The Matrix,5.190636997922811,3,3.4765418090274287,0,1.8750612633917,0,1,0,0,0,0
Forrest Gump,5.419425354290946,4,3.3016809492935764,1,2.167317334748176,0,0,0,1,0,0
Jaws,5.798144940063961,1,2.7649229846498886,4,1.6334684555795864,0,0,0,1,0,0
Interstellar,6.164359102440964,3,3.49996186559619,4,0.47712125471966244,0,0,1,0,0,0
Deadpool,5.447201458619082,0,3.3604040547299387,0,1.863322860120456,1,0,0,0,0,0
Mad Max,6.963382233551922,0,3.5703093854358796,4,1.6232492903979006,0,0,1,0,0,0
The Hunger Games,5.979355767465849,3,3.527114111639805,0,2.130333768495006,0,1,0,0,0,0
The Avengers,6.596855616292611,0,3.2835273648616936,3,2.0492180226701815,0,0,1,0,0,0
Titanic,6.604836768726209,2,1.6812412373755872,4,1.4313637641589874,0,1,0,0,0,0
Jurassic Park,6.390545833086239,0,3.4653828514484184,1,2.2355284469075487,1,0,0,0,0,0
Avatar,5.67868496320932,0,3.3825573219087857,4,1.806179973983887,0,0,0,0,1,0
The Lion King,6.873687881692883,1,2.741151598851785,0,2.1522883443830563,0,0,0,0,1,0
Star Wars,6.750192008342128,1,3.4886916983169405,0,2.0253058652647704,0,0,0,0,0,1
Frozen,5.0341068297076434,1,3.57611089412084,1,0.9030899869919435,0,1,0,0,0,0
Inception,5.857205205368012,4,3.47928731647617,1,2.1172712956557644,0,0,0,0,1,0
The Dark Knight,6.607491695422558,1,3.580582876814367,0,1.505149978319906,0,0,0,0,0,1
Harry Potter,6.4295326555218795,0,3.5399538416563967,1,1.5797835966168101,0,0,0,1,0,0
Toy Story,6.829481829232904,2,2.8573324964312685,3,1.7993405494535817,0,0,0,0,0,1
Finding Nemo,6.471093005226978,2,3.2641091563058082,1,1.4913616938342726,0,1,0,0,0,0
Black Panther,6.343241343455801,4,3.1975562131535367,1,2.143014800254095,0,0,1,0,0,0
The Godfather,6.733531246383413,1,3.594171479114912,1,1.6020599913279623,0,0,1,0,0,0
Spider-Man,6.990220362379239,0,3.552789850192782,2,2.1072099696478683,0,0,0,0,1,0
Shrek,6.594779816959682,1,3.1922886125681202,1,2.225309281725863,0,0,0,0,1,0
Iron Man,6.3509239444948955,1,3.526597709103452,4,2.0827853703164503,0,0,0,0,0,1
Captain America,6.624419789713943,0,2.7737864449811935,3,2.1931245983544616,0,0,0,0,1,0
Batman Begins,6.7511973195562724,3,3.371990911464915,4,1.6901960800285136,0,0,1,0,0,0
Wonder Woman,6.588916561435843,4,3.591509808994654,3,2.155336037465062,0,0,0,0,1,0
Guardians of the Galaxy,5.721265551011525,3,3.55303301620244,0,2.225309281725863,0,0,0,1,0,0
Coco,5.385107352720784,3,2.9523080096621253,0,1.8512583487190752,0,0,0,1,0,0
Pirates of the Caribbean,6.744380615689729,3,2.683947130751512,0,1.0791812460476249,0,0,0,0,1,0
X-Men,5.6721496005787415,3,3.4781334281005174,0,2.173186268412274,0,1,0,0,0,0
The Matrix,5.685403125570637,1,3.093421685162235,4,2.0253058652647704,0,0,0,0,1,0
Forrest Gump,6.8313705284874775,3,3.382917135087531,3,1.6989700043360187,0,0,0,0,1,0
Jaws,6.453791677082671,1,3.345569756056392,4,1.6127838567197355,0,0,0,0,1,0
Interstellar,6.958019886233344,4,3.2116544005531824,1,2.103803720955957,0,0,1,0,0,0
Deadpool,4.908120272855562,2,3.579326203755255,2,2.0086001717619175,0,0,0,0,1,0
Mad Max,5.731386477052992,1,3.446847710155809,2,1.4313637641589874,0,0,0,0,0,1
The Hunger Games,4.635724954531139,1,3.274619619091238,2,2.0530784434834195,0,0,1,0,0,0
The Avengers,5.972538846735734,0,3.5532760461370994,1,2.161368002234975,0,1,0,0,0,0
Titanic,6.980111272399091,2,3.585573518622731,4,2.100370545117563,0,0,0,1,0,0
Jurassic Park,6.4827066910342905,4,3.153204900084284,0,1.806179973983887,0,0,0,1,0,0
Avatar,5.939645529090713,3,2.617000341120899,1,1.414973347970818,0,0,0,0,0,1
The Lion King,6.384101511237808,3,3.194514341882467,4,1.255272505103306,0,0,1,0,0,0
Star Wars,4.336579798674038,3,3.615529223637133,4,1.806179973983887,0,1,0,0,0,0
Frozen,5.867621260984652,1,2.998695158311656,3,1.919078092376074,0,0,0,1,0,0
Inception,6.659416045883241,0,3.4363217001397333,0,2.1958996524092336,1,0,0,0,0,0
The Dark Knight,6.894600476735904,1,3.162564406523019,3,1.6812412373755872,0,0,0,1,0,0
Harry Potter,6.9382775434932,2,3.4956830676169153,0,2.167317334748176,1,0,0,0,0,0
Toy Story,5.256443520044707,1,3.348694190265541,0,1.1760912590556813,0,0,0,0,0,1
Finding Nemo,5.897957359329248,2,2.374748346010104,3,1.9030899869919435,0,0,0,0,0,1
Black Panther,6.893404972689678,3,3.5350408132511606,4,1.968482948553935,0,1,0,0,0,0
The Godfather,2.9020028913507296,1,3.159266331093494,3,2.0253058652647704,0,0,0,1,0,0
Spider-Man,6.628374930214308,1,3.3029799367482493,4,1.8750612633917,0,1,0,0,0,0
Shrek,6.986570479456332,4,3.529173603261723,0,1.505149978319906,0,0,0,1,0,0
Iron Man,6.563063558609889,4,3.106870544478654,4,2.2068258760318495,1,0,0,0,0,0
Captain America,5.599307632742755,4,3.258876629372131,1,1.3222192947339193,1,0,0,0,0,0
Batman Begins,4.575130089161647,2,3.502700175310563,4,1.7781512503836436,0,0,1,0,0,0
Wonder Woman,6.9911997513312025,4,3.455910240382743,1,1.845098040014257,0,0,0,0,1,0
Guardians of the Galaxy,5.586833635036811,4,2.7466341989375787,3,2.214843848047698,0,0,0,0,1,0
Coco,6.061307690127058,1,2.8312296938670634,4,2.123851640967086,0,0,1,0,0,0
Pirates of the Caribbean,6.443759598903604,4,2.8813846567705728,0,2.0253058652647704,0,0,0,0,1,0
X-Men,4.105782597814442,2,3.1319392952104246,0,1.1139433523068367,1,0,0,0,0,0
The Matrix,6.89713782219558,0,2.8457180179666586,4,2.1818435879447726,0,1,0,0,0,0
Forrest Gump,6.157411432314788,4,3.4344092075875,0,1.9138138523837167,0,1,0,0,0,0
Jaws,5.713098072728988,1,3.3577443251803754,4,2.214843848047698,0,0,1,0,0,0
Interstellar,6.730760318215587,2,3.216957207361097,1,2.173186268412274,0,0,0,1,0,0
Deadpool,6.547684515328039,4,3.4470028984661623,4,1.4913616938342726,0,0,0,0,1,0
Mad Max,6.370931453903665,0,3.253580289562183,0,0.8450980400142568,0,0,0,0,1,0
The Hunger Games,6.864303911156734,3,3.539327063539375,1,1.6901960800285136,0,0,1,0,0,0
The Avengers,6.794270705623158,2,3.4345689040341987,1,2.1931245983544616,0,0,0,0,1,0
Titanic,6.242913946818925,2,3.404320467221731,1,2.012837224705172,0,0,0,0,0,1
Jurassic Park,6.6770207158706745,3,3.3841741388070337,1,1.255272505103306,0,0,1,0,0,0
Avatar,6.94726958049705,3,3.5917322389518356,1,1.8750612633917,0,0,1,0,0,0
The Lion King,5.095674861933558,4,3.085290578230065,3,1.5563025007672873,1,0,0,0,0,0
Star Wars,5.921539778801813,0,3.4055171069763763,3,2.0211892990699383,0,0,0,0,1,0
Frozen,6.92436758362992,3,3.5293019977879805,0,1.0791812460476249,1,0,0,0,0,0
Inception,5.713097231940688,3,3.4913616938342726,0,2.2329961103921536,0,0,0,0,0,1
The Dark Knight,5.499845104073265,2,1.8976270912904414,1,1.6232492903979006,0,0,1,0,0,0
Harry Potter,6.599360950250602,0,2.801403710017355,1,2.2121876044039577,1,0,0,0,0,0
Toy Story,6.637875519819019,3,3.4112829130173843,3,1.2041199826559248,0,1,0,0,0,0
Finding Nemo,6.482475250094389,1,3.4787107555127594,0,2.2380461031287955,0,0,1,0,0,0
Black Panther,6.7535135049303125,3,2.4313637641589874,3,2.041392685158225,0,0,1,0,0,0
The Godfather,6.626580035892297,0,3.624797578960761,4,1.2304489213782739,0,0,0,1,0,0
Spider-Man,5.709614206458354,1,3.4869968884318228,3,2.130333768495006,0,0,0,0,1,0
Shrek,6.773632952520361,1,3.1383026981662816,0,1.863322860120456,0,0,0,1,0,0
Iron Man,6.955505770217777,0,3.457124626303409,2,2.0827853703164503,0,1,0,0,0,0
Captain America,5.53420512039036,2,3.161667412437736,4,1.6232492903979006,0,0,0,0,1,0
Batman Begins,6.85080638619655,4,3.647480773173676,1,1.724275869600789,1,0,0,0,0,0
Wonder Woman,5.482950721172472,1,3.629715332647132,0,2.187520720836463,0,0,0,0,0,1
Guardians of the Galaxy,4.945025201242463,2,3.3647385550553985,0,2.164352855784437,0,1,0,0,0,0
Coco,5.7232273816739205,2,3.00987563371216,4,2.0827853703164503,0,0,0,1,0,0
Pirates of the Caribbean,6.2894536045801965,0,3.614053105987219,2,2.12057393120585,0,0,0,0,0,1
X-Men,4.728970285928123,2,2.5185139398778875,4,1.7634279935629373,0,1,0,0,0,0
The Matrix,3.7440581658788354,1,2.550228353055094,3,1.505149978319906,0,0,1,0,0,0
Forrest Gump,5.881323588732754,0,3.254064452914338,2,1.568201724066995,0,0,0,0,0,1
Jaws,5.901006900126604,1,3.056142262059052,0,2.089905111439398,0,0,0,0,0,1
Interstellar,6.712425847622009,2,3.1061908972634154,1,1.9590413923210936,0,0,0,0,1,0
Deadpool,6.878254070405853,0,2.6138418218760693,1,1.414973347970818,0,0,0,0,0,1
Mad Max,6.355809995549229,2,3.225567713439471,2,2.0791812460476247,0,0,0,0,1,0
The Hunger Games,6.893149380191108,1,3.5486350598147514,3,2.2278867046136734,0,1,0,0,0,0
The Avengers,5.572906437259139,1,3.5848963441374497,4,2.1760912590556813,0,1,0,0,0,0
Titanic,5.98282370217479,3,3.010299956639812,1,1.9395192526186185,0,0,0,1,0,0
Jurassic Park,4.428167202855482,2,3.5122840632818537,3,1.6334684555795864,0,0,0,1,0,0
Avatar,6.715605949461069,1,3.3546845539547285,2,1.9395192526186185,1,0,0,0,0,0
The Lion King,4.839603729470837,3,3.2984163800612945,3,1.7781512503836436,0,0,0,0,0,1
Star Wars,5.9075494745557355,4,2.835056101720116,2,1.5797835966168101,0,0,1,0,0,0
Frozen,4.970718703720189,2,2.494154594018443,3,1.7075701760979363,0,0,1,0,0,0
Inception,6.240825960443423,1,3.064832219738574,0,1.4313637641589874,0,0,0,1,0,0
The Dark Knight,6.902468990695341,0,3.255754786643044,2,2.0644579892269186,0,0,0,0,1,0
Harry Potter,5.98625609534089,0,2.315970345456918,4,2.247973266361807,1,0,0,0,0,0
Toy Story,5.948255945810229,2,3.5269850685599957,1,2.0681858617461617,1,0,0,0,0,0
Finding Nemo,4.86569605991607,3,2.801403710017355,1,2.2405492482826,1,0,0,0,0,0
Black Panther,6.598838528107464,4,3.2314695904306814,2,0.6020599913279624,0,0,0,0,1,0
The Godfather,6.397175673054068,2,3.5514499979728753,4,1.6434526764861874,0,0,0,0,0,1
Spider-Man,4.558120315143003,1,2.7466341989375787,3,1.8129133566428555,0,0,1,0,0,0
Shrek,6.717659187902843,4,3.3197304943302246,2,1.7853298350107671,0,0,0,1,0,0
Iron Man,5.89626269496341,2,3.3475251599986895,0,2.12057393120585,1,0,0,0,0,0
Captain America,6.292478036599207,4,3.5207454715194824,4,2.0253058652647704,0,0,0,0,1,0
Batman Begins,4.823637222034629,2,3.6484575942825224,0,1.8129133566428555,0,0,0,0,1,0
Wonder Woman,6.730478809320169,3,3.636287252098513,0,2.155336037465062,0,0,0,1,0,0
Guardians of the Galaxy,4.063483478027528,3,2.5010592622177517,1,1.9777236052888478,0,0,1,0,0,0
Coco,6.9300586554713846,1,3.3712526291249394,4,1.9731278535996986,0,0,0,0,0,1
Pirates of the Caribbean,6.96218170076484,0,3.2755416884013098,2,2.220108088040055,0,0,0,0,0,1
X-Men,6.55809388497693,2,3.5654936298688624,3,1.2787536009528289,0,0,0,1,0,0
The Matrix,4.9772250234316076,3,3.0791812460476247,0,2.0569048513364727,0,0,0,0,0,1
Forrest Gump,5.582250910340936,0,3.429752280002408,3,1.863322860120456,0,0,0,0,0,1
Jaws,6.996637389213759,3,3.456214155357989,4,1.4471580313422192,0,1,0,0,0,0
Interstellar,5.816544868485868,4,3.615950051656401,4,1.3222192947339193,0,0,0,0,0,1
Deadpool,6.974545909925932,3,3.12515582958053,1,0.9542425094393249,0,0,1,0,0,0
Mad Max,6.800153573101848,2,3.522574632691177,4,2.1172712956557644,0,0,0,0,0,1
The Hunger Games,5.608236050568164,4,2.8228216453031045,0,1.414973347970818,0,0,0,0,0,1
The Avengers,2.9722028383790646,3,3.447778009294621,3,2.2174839442139063,1,0,0,0,0,0
Titanic,5.491016923334497,1,3.2764618041732443,1,2.250420002308894,0,0,0,0,0,1
Jurassic Park,5.642998403843919,2,3.0909630765957314,0,1.792391689498254,0,0,0,0,0,1
Avatar,6.85429213200681,0,3.340047317661393,4,1.792391689498254,1,0,0,0,0,0
The Lion King,5.9275623136821745,3,3.452706226511029,4,1.7781512503836436,0,0,1,0,0,0
Star Wars,6.263127871661779,3,3.124178055474675,1,1.9912260756924949,1,0,0,0,0,0
Frozen,6.997728180307114,4,3.0881360887005513,2,1.7853298350107671,0,0,0,0,0,1
Inception,6.731746661746159,2,3.5765716840652906,1,2.130333768495006,0,1,0,0,0,0
The Dark Knight,6.122247342997335,0,3.6261349786353887,2,2.0453229787866576,1,0,0,0,0,0
Harry Potter,5.969292409776115,1,3.5780658838360915,2,1.6720978579357175,0,0,0,1,0,0
Toy Story,6.108787187673627,1,3.634578022853888,4,0.3010299956639812,0,0,0,1,0,0
Finding Nemo,6.999962475335675,3,3.6502103546603593,0,2.0791812460476247,0,0,0,0,0,1
Black Panther,6.455966784670548,1,3.212453961040276,0,2.1903316981702914,0,1,0,0,0,0
The Godfather,6.80474130040692,4,3.620760489994206,0,2.1931245983544616,0,0,1,0,0,0
Spider-Man,5.884136911738583,4,3.5412046906832586,0,1.6812412373755872,0,0,1,0,0,0
Shrek,6.019951244443127,4,3.4371160930480786,3,2.250420002308894,0,0,0,0,0,1
Iron Man,5.26970669906614,4,3.5857990090130007,0,1.3222192947339193,0,0,0,0,0,1
Captain America,4.794195165127173,1,3.6137361412618714,2,2.0530784434834195,0,0,0,0,1,0
Batman Begins,6.937778240206491,3,2.4712917110589387,4,1.863322860120456,0,1,0,0,0,0
Wonder Woman,6.373015963569504,1,2.932473764677153,2,2.0718820073061255,0,0,1,0,0,0
Guardians of the Galaxy,5.728135362216447,0,1.3222192947339193,4,2.0644579892269186,0,0,0,1,0,0
Coco,6.365806849614031,0,3.419955748489758,2,2.214843848047698,0,0,0,0,0,1
Pirates of the Caribbean,6.839050015596518,4,3.3550682063488506,3,2.146128035678238,0,0,0,1,0,0
X-Men,6.910733498337864,3,3.6524397475894204,1,2.2041199826559246,0,0,0,0,0,1
The Matrix,5.959048550962345,1,3.4575791469957626,0,1.6989700043360187,1,0,0,0,0,0
Forrest Gump,6.996159146426702,1,2.9273703630390235,3,1.7853298350107671,0,1,0,0,0,0
Jaws,5.097500252231686,2,3.598352709869284,0,1.7160033436347992,0,0,0,0,1,0
Interstellar,5.780360523371658,0,3.47928731647617,0,2.0755469613925306,0,0,0,0,1,0
Deadpool,5.4027512997903155,2,3.4811558708280352,0,2.0211892990699383,0,0,1,0,0,0
Mad Max,6.849002795034822,2,2.967079734144497,4,2.0718820073061255,0,0,0,0,1,0
The Hunger Games,6.068901671817193,3,3.5974757898703773,1,2.184691430817599,0,0,0,0,1,0
The Avengers,5.401328152335355,2,3.6138418218760693,4,2.0755469613925306,1,0,0,0,0,0
Titanic,6.871265843842501,4,3.6516656039229356,2,1.505149978319906,0,0,0,1,0,0
Jurassic Park,5.814738231112392,2,3.2100508498751372,1,1.146128035678238,0,1,0,0,0,0
Avatar,6.495602332106462,0,3.0394141191761372,0,2.0,0,0,0,0,0,1
The Lion King,6.936263649562949,2,3.2216749970707688,0,2.123851640967086,1,0,0,0,0,0
Star Wars,6.84059979233063,3,3.326335860928751,0,2.1958996524092336,0,0,0,0,0,1
Frozen,4.8492228003672935,2,2.863322860120456,3,1.8864907251724818,0,1,0,0,0,0
Inception,5.743344325034066,4,3.5809249756756194,3,2.0170333392987803,0,0,0,0,1,0
The Dark Knight,5.87714434752967,0,2.92272545799326,2,1.9590413923210936,0,1,0,0,0,0
Harry Potter,6.651690107358321,1,2.82020145948564,3,0.6989700043360189,0,1,0,0,0,0
Toy Story,6.875697588516793,3,3.525044807036845,0,2.2405492482826,0,0,0,0,1,0
Finding Nemo,6.874431659298829,2,3.5637183399656776,2,2.1958996524092336,0,0,0,0,1,0
Black Panther,6.989246862173655,1,2.9283958522567137,0,1.7558748556724915,0,0,0,0,1,0
The Godfather,4.815710539788963,4,3.6399842480415887,0,2.1903316981702914,1,0,0,0,0,0
Spider-Man,6.816187855275588,4,3.323252100171687,4,1.462397997898956,0,1,0,0,0,0
Shrek,6.741957015609085,1,2.782472624166286,3,2.2174839442139063,0,0,0,0,0,1
Iron Man,5.336533777747411,4,3.171433900943008,4,2.0,0,0,0,1,0,0
Captain America,6.322878508170985,1,3.5402042998420598,4,1.0,0,0,0,0,0,1
Batman Begins,6.959277946790982,1,2.919601023784111,2,1.8195439355418688,0,0,1,0,0,0
Wonder Woman,6.766280158804229,2,3.6473829701146196,1,1.8195439355418688,0,0,0,1,0,0
Guardians of the Galaxy,5.888454703332228,3,3.17666993266815,3,1.7993405494535817,0,0,0,0,0,1
Coco,6.900576741236013,0,2.1492191126553797,4,2.1760912590556813,0,0,0,1,0,0
Pirates of the Caribbean,5.478576595348077,1,3.509336958017644,2,2.012837224705172,0,0,1,0,0,0
X-Men,6.450945423049687,1,3.6033609243483804,0,2.250420002308894,1,0,0,0,0,0
The Matrix,6.950341337569608,4,3.3184807251745174,0,2.1172712956557644,0,0,1,0,0,0
Forrest Gump,6.854299906968565,4,3.419625360887743,3,1.462397997898956,0,0,0,0,0,1
Jaws,6.999124492454367,4,3.5615783683009608,1,2.041392685158225,0,0,1,0,0,0
Interstellar,5.24116780201281,0,2.815577748324267,1,1.9138138523837167,0,0,0,0,0,1
Deadpool,5.656397215782277,2,3.5722906061514177,3,2.0043213737826426,0,0,0,1,0,0
Mad Max,6.746416218696146,1,3.622731965164719,4,2.100370545117563,0,0,0,0,0,1
The Hunger Games,6.998457734284314,0,2.4183012913197452,3,1.954242509439325,0,0,0,0,1,0
The Avengers,6.5594552267578345,1,3.351989455435632,0,1.8692317197309762,0,0,0,1,0,0
Titanic,5.425177052304514,0,3.5706596700215343,2,2.1398790864012365,1,0,0,0,0,0
Jurassic Park,5.998887216005657,2,3.5428254269591797,2,1.3979400086720377,1,0,0,0,0,0
Avatar,6.970777794969633,4,3.5221833176186865,3,2.1271047983648077,0,0,1,0,0,0
The Lion King,6.607661183728508,0,3.5010592622177517,4,2.220108088040055,0,0,1,0,0,0
Star Wars,6.209246312255845,0,3.632356046239073,1,2.012837224705172,0,0,1,0,0,0
Frozen,6.765155739927851,1,3.1687920203141817,3,1.591064607026499,0,0,0,0,1,0
Inception,6.6381300917075,2,2.821513528404773,1,1.9138138523837167,0,0,1,0,0,0
The Dark Knight,6.926887956469913,2,2.824125833916549,0,2.1789769472931693,0,0,0,0,1,0
Harry Potter,6.372750400638354,1,3.461948495203762,0,1.380211241711606,0,0,0,1,0,0
Toy Story,4.7982914617708365,0,2.877371345869774,0,2.2278867046136734,0,1,0,0,0,0
Finding Nemo,6.931267074849964,1,2.7101173651118162,1,1.9294189257142926,0,0,0,0,0,1
Black Panther,6.90607201464346,2,2.7234556720351857,2,1.8920946026904804,0,1,0,0,0,0
The Godfather,6.777501276847015,2,3.4449811120879446,3,1.7481880270062005,0,1,0,0,0,0
Spider-Man,6.782195404228449,1,1.6127838567197355,0,2.2278867046136734,0,0,1,0,0,0
Shrek,6.401110914574143,0,3.1031192535457137,1,2.247973266361807,0,0,0,0,1,0
Iron Man,6.581973197656235,3,3.5887197796000563,2,1.5185139398778875,0,0,0,0,1,0
Captain America,5.8829648702604995,4,3.295786940251609,4,1.380211241711606,0,0,0,0,0,1
Batman Begins,6.840684350230688,0,3.586024382386976,3,2.0644579892269186,0,0,0,1,0,0
Wonder Woman,6.4142983309206665,1,2.5403294747908736,2,2.2095150145426308,1,0,0,0,0,0
Guardians of the Galaxy,5.890341083374311,4,3.4572761860613257,4,1.845098040014257,0,0,0,0,1,0
Coco,5.055244505239927,1,3.573103783163991,1,2.1271047983648077,0,0,0,0,0,1
Pirates of the Caribbean,6.583323488156762,1,3.464638559095033,2,2.1958996524092336,0,0,1,0,0,0
X-Men,6.215428956832436,0,3.48826861549546,4,2.0969100130080562,0,0,0,1,0,0
The Matrix,6.978366068542087,0,3.184691430817599,1,1.6901960800285136,1,0,0,0,0,0
Forrest Gump,5.319861511693828,2,3.4379090355394983,3,1.6720978579357175,0,1,0,0,0,0
Jaws,4.9368905706863995,1,2.6263403673750423,1,1.9294189257142926,0,1,0,0,0,0
Interstellar,6.851829406778556,3,3.0523090996473234,1,2.161368002234975,0,0,1,0,0,0
Deadpool,4.485551081516892,0,1.8920946026904804,2,1.919078092376074,0,0,0,0,1,0
Mad Max,6.896991897371906,2,3.210318519826232,0,1.3979400086720377,0,0,0,0,1,0
The Hunger Games,6.647184166423812,1,1.3222192947339193,1,2.0569048513364727,0,1,0,0,0,0
The Avengers,6.645956456971057,1,3.416141031168329,3,1.414973347970818,0,0,0,0,1,0
Titanic,6.980950918154914,3,3.4520932490177314,0,2.0453229787866576,0,0,0,0,1,0
Jurassic Park,6.945285276149545,1,3.0704073217401198,3,2.1958996524092336,1,0,0,0,0,0
Avatar,5.595382673146265,3,3.5313511645830595,2,2.184691430817599,0,0,1,0,0,0
The Lion King,4.998564458260942,3,3.4604467838807205,3,2.0644579892269186,0,0,0,0,1,0
Star Wars,6.301765068085618,3,2.91539983521227,3,1.724275869600789,0,0,0,1,0,0
Frozen,6.525021989772143,0,3.562768543016519,1,0.47712125471966244,1,0,0,0,0,0
Inception,5.939962805111595,0,3.1878026387184195,3,2.0827853703164503,0,1,0,0,0,0
The Dark Knight,5.282830487984201,4,3.4782778319196046,1,1.505149978319906,1,0,0,0,0,0
Harry Potter,4.349860082192332,3,3.640282629696681,2,2.214843848047698,0,0,0,1,0,0
Toy Story,6.8932631743555275,2,3.4834446480985353,4,2.2041199826559246,0,0,0,1,0,0
Finding Nemo,6.524704238519118,3,3.5957166199434245,0,2.2068258760318495,0,0,0,0,1,0
Black Panther,6.764054198872014,2,2.4683473304121573,4,2.2068258760318495,0,0,1,0,0,0
The Godfather,5.7702420991101,1,3.4690852991231202,1,0.0,0,0,0,0,0,1
Spider-Man,5.366605976115998,4,3.322839272686321,1,0.7781512503836436,0,0,0,1,0,0
Shrek,5.956450342122222,1,3.346352974450639,3,1.9637878273455553,0,0,1,0,0,0
Iron Man,5.915063562184623,3,2.885926339801431,4,1.5314789170422551,0,1,0,0,0,0
Captain America,6.380214498908006,0,3.6034691597338386,3,1.8512583487190752,0,0,0,0,0,1
Batman Begins,4.830569423303845,4,3.456973013635818,1,2.230448921378274,0,1,0,0,0,0
Wonder Woman,5.758468292113295,2,3.400365273349939,0,1.8976270912904414,0,0,0,0,0,1
Guardians of the Galaxy,5.5621619614618565,0,3.6239725120169965,1,1.3010299956639813,0,0,0,0,1,0
Coco,5.751956198486723,4,3.4667193716815987,3,1.2304489213782739,0,0,0,0,1,0
Pirates of the Caribbean,5.992267133678588,0,2.92272545799326,3,1.462397997898956,1,0,0,0,0,0
X-Men,5.18537781143487,0,3.548020694905531,0,1.9637878273455553,0,0,1,0,0,0
The Matrix,5.484432243380695,0,3.501196242027089,3,2.1931245983544616,0,0,1,0,0,0
Forrest Gump,6.24514484233307,0,3.3891660843645326,1,2.164352855784437,0,0,0,1,0,0
Jaws,6.916935301116516,0,2.82020145948564,0,2.230448921378274,0,0,0,0,0,1
Interstellar,6.921001206163146,3,3.5926208213219826,3,2.230448921378274,0,0,1,0,0,0
